Channel Id,Channel Url,Channel Title
UC-1SXRzMQS9oikFgcG_w9RQ,http://www.youtube.com/channel/UC-1SXRzMQS9oikFgcG_w9RQ,Junkyard Mook
UC-4NAdFIP6h9BmtGUFL94Pg,http://www.youtube.com/channel/UC-4NAdFIP6h9BmtGUFL94Pg,Carly Rae Jepsen
UC-69ubRH9FiX2f-8LVY6C5Q,http://www.youtube.com/channel/UC-69ubRH9FiX2f-8LVY6C5Q,David Erick Ramos - Ocarina
UC-7I1gU1r6PxBSl87o-7YEQ,http://www.youtube.com/channel/UC-7I1gU1r6PxBSl87o-7YEQ,Druaga1
UC-AQKm7HUNMmxjdS371MSwg,http://www.youtube.com/channel/UC-AQKm7HUNMmxjdS371MSwg,Channel 5 with Andrew Callaghan
UC-SV8-bUJfXjrRMnp7F8Wzw,http://www.youtube.com/channel/UC-SV8-bUJfXjrRMnp7F8Wzw,Roman Atwood Vlogs
UC-lHJZR3Gqxm24_Vd_AJ5Yw,http://www.youtube.com/channel/UC-lHJZR3Gqxm24_Vd_AJ5Yw,PewDiePie
UC-nL_2TP09QuovUwqg6CUOQ,http://www.youtube.com/channel/UC-nL_2TP09QuovUwqg6CUOQ,BeaPlays Minecraft
UC-oleeXG4SNe7yv91Q7s64g,http://www.youtube.com/channel/UC-oleeXG4SNe7yv91Q7s64g,Lydia
UC-tsNNJ3yIW98MtPH6PWFAQ,http://www.youtube.com/channel/UC-tsNNJ3yIW98MtPH6PWFAQ,iDubbbzTV2
UC-zD0q7ryv_OWPB_xEwJJIQ,http://www.youtube.com/channel/UC-zD0q7ryv_OWPB_xEwJJIQ,Blind Surfer Pete Gustin
UC00uG71I6iPyx15EX6i_GDA,http://www.youtube.com/channel/UC00uG71I6iPyx15EX6i_GDA,Star Wars Comics
UC06E4Y_-ybJgBUMtXx8uNNw,http://www.youtube.com/channel/UC06E4Y_-ybJgBUMtXx8uNNw,TheBackyardScientist
UC06fO6LNH_AUgjbmqaZRV5Q,http://www.youtube.com/channel/UC06fO6LNH_AUgjbmqaZRV5Q,The Samurai Carpenter
UC0AE_22J0kAo30yjasaeFqw,http://www.youtube.com/channel/UC0AE_22J0kAo30yjasaeFqw,Element Animation
UC0C-w0YjGpqDXGB8IHb662A,http://www.youtube.com/channel/UC0C-w0YjGpqDXGB8IHb662A,Ed Sheeran
UC0Msfi7kdLQ13qqhq7OjL7g,http://www.youtube.com/channel/UC0Msfi7kdLQ13qqhq7OjL7g,christoforchuk
UC0e3QhIYukixgh5VVpKHH9Q,http://www.youtube.com/channel/UC0e3QhIYukixgh5VVpKHH9Q,Code Bullet
UC0e3ennzBrYFoeTdlgAMgIg,http://www.youtube.com/channel/UC0e3ennzBrYFoeTdlgAMgIg,Keep the Heat
UC0gElXJLp_puscXA7vW11sg,http://www.youtube.com/channel/UC0gElXJLp_puscXA7vW11sg,UKOGmonkey
UC0gEw6pgNkLkkzMwzX4UtHA,http://www.youtube.com/channel/UC0gEw6pgNkLkkzMwzX4UtHA,Egoraptor
UC0hyBEiMt_i-FXvQ_2KVapg,http://www.youtube.com/channel/UC0hyBEiMt_i-FXvQ_2KVapg,Caitlin Doran
UC0r6S4hmYdRcDnw7zey7Myg,http://www.youtube.com/channel/UC0r6S4hmYdRcDnw7zey7Myg,The Bearded Butchers
UC0v-tlzsn0QZwJnkiaUSJVQ,http://www.youtube.com/channel/UC0v-tlzsn0QZwJnkiaUSJVQ,REACT
UC0vBXGSyV14uvJ4hECDOl0Q,http://www.youtube.com/channel/UC0vBXGSyV14uvJ4hECDOl0Q,Techquickie
UC12Ku0_2bhNsreyaoZH9raQ,http://www.youtube.com/channel/UC12Ku0_2bhNsreyaoZH9raQ,AVbyte
UC19OYOBqkgVqgTIQxbsPdlw,http://www.youtube.com/channel/UC19OYOBqkgVqgTIQxbsPdlw,ThatDudeCanCook
UC1BZnq-fX0Ea4ka4d8cnc0w,http://www.youtube.com/channel/UC1BZnq-fX0Ea4ka4d8cnc0w,Brothgar
UC1D3yD4wlPMico0dss264XA,http://www.youtube.com/channel/UC1D3yD4wlPMico0dss264XA,NileBlue
UC1MDgzHqlicbo6MeZGnSwFw,http://www.youtube.com/channel/UC1MDgzHqlicbo6MeZGnSwFw,Tomi P
UC1MwJy1R0nGQkXxRD9p-zTQ,http://www.youtube.com/channel/UC1MwJy1R0nGQkXxRD9p-zTQ,Barnacules Nerdgasm
UC1OFDlfdRb6ma1ZGZd07gWA,http://www.youtube.com/channel/UC1OFDlfdRb6ma1ZGZd07gWA,Miranda Sings
UC1OR2YNQLZJYFdQjFrPWvVw,http://www.youtube.com/channel/UC1OR2YNQLZJYFdQjFrPWvVw,Backstreet Boys
UC1W6zZleZ-f5mB208w20P1w,http://www.youtube.com/channel/UC1W6zZleZ-f5mB208w20P1w,NeddyTheNoodle
UC1XsdvycCtX5ZgKrzoZkPvQ,http://www.youtube.com/channel/UC1XsdvycCtX5ZgKrzoZkPvQ,Mobile Dwellings
UC1hIo7g7OeitoKHrxTiEkXA,http://www.youtube.com/channel/UC1hIo7g7OeitoKHrxTiEkXA,ANDOCO09
UC1ieoHqKW-yYgDhLHIcx28w,http://www.youtube.com/channel/UC1ieoHqKW-yYgDhLHIcx28w,Syndicate
UC1kiJJVQZ5Ja01N1XEYgmWg,http://www.youtube.com/channel/UC1kiJJVQZ5Ja01N1XEYgmWg,GadgetGirlKylie
UC1sELGmy5jp5fQUugmuYlXQ,http://www.youtube.com/channel/UC1sELGmy5jp5fQUugmuYlXQ,Minecraft
UC1z9PybtnPfy9UOQHuNoh2w,http://www.youtube.com/channel/UC1z9PybtnPfy9UOQHuNoh2w,The Architect
UC1zZE_kJ8rQHgLTVfobLi_g,http://www.youtube.com/channel/UC1zZE_kJ8rQHgLTVfobLi_g,TKOR
UC20LoHy2mX0LQODrkUalxVQ,http://www.youtube.com/channel/UC20LoHy2mX0LQODrkUalxVQ,Donald Glover
UC27jmyAhwX1mKvNWpD2hJhA,http://www.youtube.com/channel/UC27jmyAhwX1mKvNWpD2hJhA,Zer0's Legion
UC2C-970d2o-YGLPqsG6FcWQ,http://www.youtube.com/channel/UC2C-970d2o-YGLPqsG6FcWQ,삼성전자 뉴스룸 [Samsung Newsroom]
UC2DjFE7Xf11URZqWBigcVOQ,http://www.youtube.com/channel/UC2DjFE7Xf11URZqWBigcVOQ,EEVblog
UC2GnuulpFRtTGFNuS1LKL5g,http://www.youtube.com/channel/UC2GnuulpFRtTGFNuS1LKL5g,BuzzFeedViolet
UC2MJylovjrLtsGP0_4UrqrQ,http://www.youtube.com/channel/UC2MJylovjrLtsGP0_4UrqrQ,Cody'sBLab
UC2eEGT06FrWFU6VBnPOR9lg,http://www.youtube.com/channel/UC2eEGT06FrWFU6VBnPOR9lg,Girlfriend Reviews
UC2msEzmNU3Um7KF2EnXJBFA,http://www.youtube.com/channel/UC2msEzmNU3Um7KF2EnXJBFA,GrandLineReview
UC2nMSE3t71qC8sG06WSJnMg,http://www.youtube.com/channel/UC2nMSE3t71qC8sG06WSJnMg,RageGamingVideos
UC2rzsm1Qi6N1X-wuOg_p0Ng,http://www.youtube.com/channel/UC2rzsm1Qi6N1X-wuOg_p0Ng,Project Farm
UC33X3Ct0J7sniezhzfbPdzQ,http://www.youtube.com/channel/UC33X3Ct0J7sniezhzfbPdzQ,Mike
UC3CrzXzBFVqEopj5T1jiRtA,http://www.youtube.com/channel/UC3CrzXzBFVqEopj5T1jiRtA,Peter Brown
UC3GLxshpufpt7T8ytC4E8CA,http://www.youtube.com/channel/UC3GLxshpufpt7T8ytC4E8CA,Bandoot
UC3KEoMzNz8eYnwBC34RaKCQ,http://www.youtube.com/channel/UC3KEoMzNz8eYnwBC34RaKCQ,Simone Giertz
UC3LAmEliCwrdNXQIqA_NUWg,http://www.youtube.com/channel/UC3LAmEliCwrdNXQIqA_NUWg,YOTESLAYA
UC3P8f5TZu7yjvXcEcD7PHrw,http://www.youtube.com/channel/UC3P8f5TZu7yjvXcEcD7PHrw,spicyycam_
UC3TwMvHvdukyE2xqG_V7Wcg,http://www.youtube.com/channel/UC3TwMvHvdukyE2xqG_V7Wcg,Books with Heather 
UC3XgAOOUN8b7L9hjMDlSwEA,http://www.youtube.com/channel/UC3XgAOOUN8b7L9hjMDlSwEA,
UC3igMkdtWOF4p_tOkLsaGBw,http://www.youtube.com/channel/UC3igMkdtWOF4p_tOkLsaGBw,HOCgaming
UC3otv50sBsnMrFbZNwawApQ,http://www.youtube.com/channel/UC3otv50sBsnMrFbZNwawApQ,HeyImBee
UC3sznuotAs2ohg_U__Jzj_Q,http://www.youtube.com/channel/UC3sznuotAs2ohg_U__Jzj_Q,The Film Theorists
UC3xbjTJT2pVNR6b94Vaei5g,http://www.youtube.com/channel/UC3xbjTJT2pVNR6b94Vaei5g,ohnickel
UC3z5qYUmU-2Fj2y97Wrp41A,http://www.youtube.com/channel/UC3z5qYUmU-2Fj2y97Wrp41A,Polecat324
UC477Kvszl9JivqOxN1dFgPQ,http://www.youtube.com/channel/UC477Kvszl9JivqOxN1dFgPQ,Iron Pineapple
UC4IgEVgl6t18-89GPekZtAw,http://www.youtube.com/channel/UC4IgEVgl6t18-89GPekZtAw,Strawburry17Plays
UC4MGZcDG5hnzpi3hDpORkXw,http://www.youtube.com/channel/UC4MGZcDG5hnzpi3hDpORkXw,MxR 
UC4NaYVbEEflTEHxJ6VrUUuQ,http://www.youtube.com/channel/UC4NaYVbEEflTEHxJ6VrUUuQ,elle palmer
UC4PooiX37Pld1T8J5SYT-SQ,http://www.youtube.com/channel/UC4PooiX37Pld1T8J5SYT-SQ,Good Mythical Morning
UC4TK89D1TUe18lPvjB4c4zw,http://www.youtube.com/channel/UC4TK89D1TUe18lPvjB4c4zw,Hardware Despair
UC4USoIAL9qcsx5nCZV_QRnA,http://www.youtube.com/channel/UC4USoIAL9qcsx5nCZV_QRnA,iDubbbzTV
UC4_bwov47DseacR1-ttTdOg,http://www.youtube.com/channel/UC4_bwov47DseacR1-ttTdOg,boogie2988
UC4f1zAG2BTkfOQV4_nFbpBQ,http://www.youtube.com/channel/UC4f1zAG2BTkfOQV4_nFbpBQ,TheAtlanticCraft
UC4fUM6KtykJHGDLNi-NS5uw,http://www.youtube.com/channel/UC4fUM6KtykJHGDLNi-NS5uw,cutewinfail
UC4rasfm9J-X4jNl9SvXp8xA,http://www.youtube.com/channel/UC4rasfm9J-X4jNl9SvXp8xA,Ultra Records
UC4sUMe2ZhzYiNwywoh3a1kQ,http://www.youtube.com/channel/UC4sUMe2ZhzYiNwywoh3a1kQ,KingDaddyDMAC
UC4w_tMnHl6sw5VD93tVymGw,http://www.youtube.com/channel/UC4w_tMnHl6sw5VD93tVymGw,Inside Gaming
UC54SLBnD5k5U3Q6N__UjbAw,http://www.youtube.com/channel/UC54SLBnD5k5U3Q6N__UjbAw,Chinese Cooking Demystified
UC58JJqEM3EQQtbsJhBQ8eGA,http://www.youtube.com/channel/UC58JJqEM3EQQtbsJhBQ8eGA,Peach Panther
UC5C-Asy_myoWCkLEtZR72SA,http://www.youtube.com/channel/UC5C-Asy_myoWCkLEtZR72SA,Rush
UC5I2hjZYiW9gZPVkvzM8_Cw,http://www.youtube.com/channel/UC5I2hjZYiW9gZPVkvzM8_Cw,Techmoan
UC5NO8MgTQKHAWXp6z8Xl7yQ,http://www.youtube.com/channel/UC5NO8MgTQKHAWXp6z8Xl7yQ,This Old Tony
UC5SuCSt-r84nspgm_rA8k9Q,http://www.youtube.com/channel/UC5SuCSt-r84nspgm_rA8k9Q,Rusty Cage
UC5TSSoQMGnTHhX2wMCnQJnQ,http://www.youtube.com/channel/UC5TSSoQMGnTHhX2wMCnQJnQ,Bananapielord
UC5VYrVnw-v9UPN75q6ckGIg,http://www.youtube.com/channel/UC5VYrVnw-v9UPN75q6ckGIg,David Choi
UC5WUnL-oKyIHd2zD58a5knw,http://www.youtube.com/channel/UC5WUnL-oKyIHd2zD58a5knw,Meat Loaf
UC5h6ILk30hAqJikcgStn6uw,http://www.youtube.com/channel/UC5h6ILk30hAqJikcgStn6uw,GirlonDuty
UC5mvNA17loCKdhuIi-zhfbw,http://www.youtube.com/channel/UC5mvNA17loCKdhuIi-zhfbw,Miskinwolf
UC5sXnom8S8EyddkLLNjgONg,http://www.youtube.com/channel/UC5sXnom8S8EyddkLLNjgONg,William Strife
UC5yaRAqKKYYApdr326HQnsg,http://www.youtube.com/channel/UC5yaRAqKKYYApdr326HQnsg,Steven Universe
UC6107grRI4m0o2-emgoDnAA,http://www.youtube.com/channel/UC6107grRI4m0o2-emgoDnAA,SmarterEveryDay
UC62SxUuzcNeZ0k0osHtMiEw,http://www.youtube.com/channel/UC62SxUuzcNeZ0k0osHtMiEw,dekuNukem
UC64UiPJwM_e9AqAd7RiD7JA,http://www.youtube.com/channel/UC64UiPJwM_e9AqAd7RiD7JA,Today I Found Out
UC67f2Qf7FYhtoUIF4Sf29cA,http://www.youtube.com/channel/UC67f2Qf7FYhtoUIF4Sf29cA,Bad Lip Reading
UC67gfx2Fg7K2NSHqoENVgwA,http://www.youtube.com/channel/UC67gfx2Fg7K2NSHqoENVgwA,Tom Stanton
UC68DIXWCmetC8N5J_Kc5gjQ,http://www.youtube.com/channel/UC68DIXWCmetC8N5J_Kc5gjQ,Don't Subscribe
UC6E2mP01ZLH_kbAyeazCNdg,http://www.youtube.com/channel/UC6E2mP01ZLH_kbAyeazCNdg,Brave Wilderness
UC6OUstIo-qXiJzcsJ0toz-A,http://www.youtube.com/channel/UC6OUstIo-qXiJzcsJ0toz-A,Misfits Podcast
UC6STTjHxnSXp-r8NPQIutAQ,http://www.youtube.com/channel/UC6STTjHxnSXp-r8NPQIutAQ,Grind This Game
UC6UuUfiNBiTlNTTvsaWvrsg,http://www.youtube.com/channel/UC6UuUfiNBiTlNTTvsaWvrsg,Straydog
UC6YtncLGAUD-AVqAAL1k-WQ,http://www.youtube.com/channel/UC6YtncLGAUD-AVqAAL1k-WQ,ponyphonic
UC6hvh0itmH0on8PNEDhf4cw,http://www.youtube.com/channel/UC6hvh0itmH0on8PNEDhf4cw,Márton Fáy
UC6k-gn9VICNXUusw5_mS0wQ,http://www.youtube.com/channel/UC6k-gn9VICNXUusw5_mS0wQ,Coconut Brah
UC6k_GngLDtxbkUlZOq6_h5g,http://www.youtube.com/channel/UC6k_GngLDtxbkUlZOq6_h5g,The McElroy Family
UC6nHSpckOIcVmMfl_878Vuw,http://www.youtube.com/channel/UC6nHSpckOIcVmMfl_878Vuw,AWOLNATION
UC6nSFpj9HTCZ5t-N3Rm3-HA,http://www.youtube.com/channel/UC6nSFpj9HTCZ5t-N3Rm3-HA,Vsauce
UC6nZlvfz4YWoBWbjiaYJA3g,http://www.youtube.com/channel/UC6nZlvfz4YWoBWbjiaYJA3g,Louis Rossmann: RANDOM LIVE
UC6rh8LB2fg1BB2qq6u5Zm6Q,http://www.youtube.com/channel/UC6rh8LB2fg1BB2qq6u5Zm6Q,RagePlaysGames
UC6sWKVFVfuyTk0FTPY4c62Q,http://www.youtube.com/channel/UC6sWKVFVfuyTk0FTPY4c62Q,TheSpanglerEffect
UC6uobbmeBMBbbAk694LdWUA,http://www.youtube.com/channel/UC6uobbmeBMBbbAk694LdWUA,TheNightcoreWitcher
UC6yzV_xgKn8r77FkcmZyMSg,http://www.youtube.com/channel/UC6yzV_xgKn8r77FkcmZyMSg,PlayStation Access
UC75HVYVE-wYHGQlc4w3-GGw,http://www.youtube.com/channel/UC75HVYVE-wYHGQlc4w3-GGw,Dara Hoffman-Fox
UC7A_dLnSAjl7uROCdoNyjzg,http://www.youtube.com/channel/UC7A_dLnSAjl7uROCdoNyjzg,Hat Films
UC7FldPQ7aT7Slikg7tZc30g,http://www.youtube.com/channel/UC7FldPQ7aT7Slikg7tZc30g,Mitten Squad
UC7RGwnsSAEClqqxJ9MxUhyQ,http://www.youtube.com/channel/UC7RGwnsSAEClqqxJ9MxUhyQ,Lucas
UC7ZM7vzd0_juc6Nok2i9How,http://www.youtube.com/channel/UC7ZM7vzd0_juc6Nok2i9How,ButchClancyDubstep
UC7_YxT-KID8kRbqZo7MyscQ,http://www.youtube.com/channel/UC7_YxT-KID8kRbqZo7MyscQ,Markiplier
UC7cUyDEbLaq3hNf2t4IVL8A,http://www.youtube.com/channel/UC7cUyDEbLaq3hNf2t4IVL8A,Glermz
UC7lObFRyZgoZcMYHHqxi9lg,http://www.youtube.com/channel/UC7lObFRyZgoZcMYHHqxi9lg,Brizzy Voices
UC7mFkx1Um4KJZKkUHsSV1uA,http://www.youtube.com/channel/UC7mFkx1Um4KJZKkUHsSV1uA,ShoddyCast
UC7pp40MU_6rLK5pvJYG3d0Q,http://www.youtube.com/channel/UC7pp40MU_6rLK5pvJYG3d0Q,Ethan and Hila
UC7qn3NBI3XV7d8I3cvZeABw,http://www.youtube.com/channel/UC7qn3NBI3XV7d8I3cvZeABw,Red Bull Records
UC7vnNBIll_iWj31Yx55Ko2A,http://www.youtube.com/channel/UC7vnNBIll_iWj31Yx55Ko2A,jayuzumi
UC7yF9tV4xWEMZkel7q8La_w,http://www.youtube.com/channel/UC7yF9tV4xWEMZkel7q8La_w,PeterSripol
UC81hVmI5eEBIt3s3HQpJd_w,http://www.youtube.com/channel/UC81hVmI5eEBIt3s3HQpJd_w,boburnham
UC87Lmdi6Mjkuj8o2KgWRjoA,http://www.youtube.com/channel/UC87Lmdi6Mjkuj8o2KgWRjoA,TheNamelessMapler
UC8CbFnDTYkiVweaz8y9wd_Q,http://www.youtube.com/channel/UC8CbFnDTYkiVweaz8y9wd_Q,Star Wars Theory
UC8CsGpP6kVNrWeBVmlJ2UyA,http://www.youtube.com/channel/UC8CsGpP6kVNrWeBVmlJ2UyA,Huggbees
UC8DRt1roPwZMKMC7Gma66Pg,http://www.youtube.com/channel/UC8DRt1roPwZMKMC7Gma66Pg,Primitive Survival Life
UC8JDIEFbQejP-meo1OwI0DA,http://www.youtube.com/channel/UC8JDIEFbQejP-meo1OwI0DA,MultiplicityAndMe
UC8JE00xTMBOqKs7o0grFTfQ,http://www.youtube.com/channel/UC8JE00xTMBOqKs7o0grFTfQ,Poppy
UC8JfkMtNAp44vmzdtnL4wow,http://www.youtube.com/channel/UC8JfkMtNAp44vmzdtnL4wow,SCP Explained - Story & Animation
UC8LXAtHlHcgWCuz46XehDIQ,http://www.youtube.com/channel/UC8LXAtHlHcgWCuz46XehDIQ,TheMonggrel
UC8QNOIOoi63U0arTgU47vEQ,http://www.youtube.com/channel/UC8QNOIOoi63U0arTgU47vEQ,DR Z PHD
UC8THb_fnOptyVgpi3xuCd-A,http://www.youtube.com/channel/UC8THb_fnOptyVgpi3xuCd-A,LeeandLie (AmaLee)
UC8iVuEUisbubpH9z5p0eUsg,http://www.youtube.com/channel/UC8iVuEUisbubpH9z5p0eUsg,Butch Hartman
UC8rVJyj4zE0S9-sccMLifIA,http://www.youtube.com/channel/UC8rVJyj4zE0S9-sccMLifIA,Lil Dicky
UC8uT9cgJorJPWu7ITLGo9Ww,http://www.youtube.com/channel/UC8uT9cgJorJPWu7ITLGo9Ww,The 8-Bit Guy
UC90ThxjTNaHaqyPVtfyZ4hw,http://www.youtube.com/channel/UC90ThxjTNaHaqyPVtfyZ4hw,Strippin
UC94Z4HZJkhPm94YPH1GE3bw,http://www.youtube.com/channel/UC94Z4HZJkhPm94YPH1GE3bw,EileMonty
UC9BYlkLLpI_pMkeukIaZF4A,http://www.youtube.com/channel/UC9BYlkLLpI_pMkeukIaZF4A,Clean Food Living
UC9C_9mgehMUp8BHeug6F8Dw,http://www.youtube.com/channel/UC9C_9mgehMUp8BHeug6F8Dw,ZNA Productions
UC9CuvdOVfMPvKCiwdGKL3cQ,http://www.youtube.com/channel/UC9CuvdOVfMPvKCiwdGKL3cQ,GameGrumps
UC9Ep0Y4T5rvUuIfjKN1wqTw,http://www.youtube.com/channel/UC9Ep0Y4T5rvUuIfjKN1wqTw,Ridddle
UC9HSRoZ0JuW5oHl1Iv-un3A,http://www.youtube.com/channel/UC9HSRoZ0JuW5oHl1Iv-un3A,The Ridgedog
UC9PY_s84IkOV_MJwEL70sfQ,http://www.youtube.com/channel/UC9PY_s84IkOV_MJwEL70sfQ,Jordan Howlett
UC9PgszLOAWhQC6orYejcJlw,http://www.youtube.com/channel/UC9PgszLOAWhQC6orYejcJlw,Braille Skateboarding
UC9avFXTdbSo5ATvzTRnAVFg,http://www.youtube.com/channel/UC9avFXTdbSo5ATvzTRnAVFg,FUNG BROS.
UC9gFih9rw0zNCK3ZtoKQQyA,http://www.youtube.com/channel/UC9gFih9rw0zNCK3ZtoKQQyA,JennaMarbles
UC9maOnWjGGIlmZRRQQBLeYw,http://www.youtube.com/channel/UC9maOnWjGGIlmZRRQQBLeYw,The Good of the Land
UC9rVxgcwHoF3EnzwpfcnaOg,http://www.youtube.com/channel/UC9rVxgcwHoF3EnzwpfcnaOg,SoTotallyToby
UC9sJNYAq1U00apBoMFXSYlA,http://www.youtube.com/channel/UC9sJNYAq1U00apBoMFXSYlA,You Brew Kombucha
UC9zgV9RjJ3WD3EwsamAyXZA,http://www.youtube.com/channel/UC9zgV9RjJ3WD3EwsamAyXZA,Kaitlyn Malone
UCA19mAJURyYHbJzhfpqhpCA,http://www.youtube.com/channel/UCA19mAJURyYHbJzhfpqhpCA,Action Lab Shorts
UCA1tk_Wa3Lm4hMZ4ssPEuLw,http://www.youtube.com/channel/UCA1tk_Wa3Lm4hMZ4ssPEuLw,TheMediaCows
UCA2tt9GSU2sl8rAqjlLR3mQ,http://www.youtube.com/channel/UCA2tt9GSU2sl8rAqjlLR3mQ,GeorgeNotFound
UCAENF2jIeuaplfl_9hEu-_g,http://www.youtube.com/channel/UCAENF2jIeuaplfl_9hEu-_g,Minecraft
UCAKdbp1bKIdjqjRLIKvXCRA,http://www.youtube.com/channel/UCAKdbp1bKIdjqjRLIKvXCRA,Give Heart Records
UCAL3JXZSzSm8AlZyD3nQdBA,http://www.youtube.com/channel/UCAL3JXZSzSm8AlZyD3nQdBA,Primitive Technology
UCAV5TC68-2NaJ7Y3_LDnH0A,http://www.youtube.com/channel/UCAV5TC68-2NaJ7Y3_LDnH0A,Nozzivix
UCAVns3lt0t7w8lmUZQFlvrA,http://www.youtube.com/channel/UCAVns3lt0t7w8lmUZQFlvrA,Paint
UCAaegDUlb7doIKo0Rc1F08g,http://www.youtube.com/channel/UCAaegDUlb7doIKo0Rc1F08g,GTLive
UCAi_uNeDWRXj8C8yw358gWw,http://www.youtube.com/channel/UCAi_uNeDWRXj8C8yw358gWw,CharlesBerthoud
UCAoMPWcQKA_9Af5YhWdrZgw,http://www.youtube.com/channel/UCAoMPWcQKA_9Af5YhWdrZgw,MyLifeAsEva
UCApByCEDqQM8PgDypC_i6BQ,http://www.youtube.com/channel/UCApByCEDqQM8PgDypC_i6BQ,Stella Chuu
UCAuUUnT6oDeKwE6v1NGQxug,http://www.youtube.com/channel/UCAuUUnT6oDeKwE6v1NGQxug,TED
UCAzyupPG4vdo8jd9nJ13LAw,http://www.youtube.com/channel/UCAzyupPG4vdo8jd9nJ13LAw,Barry Lewis
UCB-UY_HpZgYMfkYi2Xxs-lA,http://www.youtube.com/channel/UCB-UY_HpZgYMfkYi2Xxs-lA,Zueljin Gaming
UCBE-FO9JUOghSysV9gjTeHw,http://www.youtube.com/channel/UCBE-FO9JUOghSysV9gjTeHw,NixieDoesLinux
UCBGVa07P4ofJ8HaCzAtAB4A,http://www.youtube.com/channel/UCBGVa07P4ofJ8HaCzAtAB4A,McNallyOfficial
UCBGbTTcgn8AVEsEWdT3tI3Q,http://www.youtube.com/channel/UCBGbTTcgn8AVEsEWdT3tI3Q,IGP
UCBGp_XPj3Oudk207UNw_tAg,http://www.youtube.com/channel/UCBGp_XPj3Oudk207UNw_tAg,Doni Bobes
UCBJycsmduvYEL83R_U4JriQ,http://www.youtube.com/channel/UCBJycsmduvYEL83R_U4JriQ,Marques Brownlee
UCBNA43Ppw3sCUbq-x2SvP8g,http://www.youtube.com/channel/UCBNA43Ppw3sCUbq-x2SvP8g,Georgia Dow
UCBNG0osIBAprVcZZ3ic84vw,http://www.youtube.com/channel/UCBNG0osIBAprVcZZ3ic84vw,Jim Browning
UCBUVGPsJzc1U8SECMgBaMFw,http://www.youtube.com/channel/UCBUVGPsJzc1U8SECMgBaMFw,BuzzFeed Multiplayer
UCBZiUUYeLfS5rIj4TQvgSvA,http://www.youtube.com/channel/UCBZiUUYeLfS5rIj4TQvgSvA,Channel Super Fun
UCBh8XcZST_JTHt-IZDxT_pQ,http://www.youtube.com/channel/UCBh8XcZST_JTHt-IZDxT_pQ,FLuffeeTalks
UCBs2Y3i14e1NWQxOGliatmg,http://www.youtube.com/channel/UCBs2Y3i14e1NWQxOGliatmg,Mother's Basement
UCC5vubsnFBpy-lFB8S8rZEg,http://www.youtube.com/channel/UCC5vubsnFBpy-lFB8S8rZEg,Anni Vuohensilta
UCC8zWIx8aBQme-x1nX9iZ0A,http://www.youtube.com/channel/UCC8zWIx8aBQme-x1nX9iZ0A,Dimension 20
UCCLr06An2eSwLpWqsl1xqsA,http://www.youtube.com/channel/UCCLr06An2eSwLpWqsl1xqsA,100K Subscribers Without Any Videos Challenge
UCCXW0owzxcfwzxWPyVNpiFA,http://www.youtube.com/channel/UCCXW0owzxcfwzxWPyVNpiFA,BSMODS
UCCY_8y1FjtOegxKB4s2bWqw,http://www.youtube.com/channel/UCCY_8y1FjtOegxKB4s2bWqw,Bella Poarch
UCCZ_OOYAL4kT7mwZWzHFsUw,http://www.youtube.com/channel/UCCZ_OOYAL4kT7mwZWzHFsUw,Slothville TV
UCCa0BnCIDBGzmw4daUGZ0yg,http://www.youtube.com/channel/UCCa0BnCIDBGzmw4daUGZ0yg,TigerTomato
UCCbfB3cQtkEAiKfdRQnfQvw,http://www.youtube.com/channel/UCCbfB3cQtkEAiKfdRQnfQvw,Jesse Cox
UCCj956IF62FbT7Gouszaj9w,http://www.youtube.com/channel/UCCj956IF62FbT7Gouszaj9w,BBC
UCCn4bkLR8A36Xys2Zyy74Vw,http://www.youtube.com/channel/UCCn4bkLR8A36Xys2Zyy74Vw,Animal Takedowns
UCCvCHN9DaKn8ON5VxDZmyhQ,http://www.youtube.com/channel/UCCvCHN9DaKn8ON5VxDZmyhQ,Stuart Edge
UCCyCkbJ5ooWXQ7izYNmmL1g,http://www.youtube.com/channel/UCCyCkbJ5ooWXQ7izYNmmL1g,disrespecting
UCD4INvKvy83OXwAkRjaQKtw,http://www.youtube.com/channel/UCD4INvKvy83OXwAkRjaQKtw,Sips
UCD80T1s2Za4K682CQDGwEKQ,http://www.youtube.com/channel/UCD80T1s2Za4K682CQDGwEKQ,Wristwatch Revival
UCD80bzqJh1N7lOqn7n0vKTg,http://www.youtube.com/channel/UCD80bzqJh1N7lOqn7n0vKTg,Nilaus
UCD906_Ulo-exIIS4Un5o61A,http://www.youtube.com/channel/UCD906_Ulo-exIIS4Un5o61A,Sushi Killer
UCDCmxTR1x6ylSYlh_nrJHZQ,http://www.youtube.com/channel/UCDCmxTR1x6ylSYlh_nrJHZQ,Victoria Rose
UCDDrB-yGonf4uL2NDf6njTA,http://www.youtube.com/channel/UCDDrB-yGonf4uL2NDf6njTA,Ms Shi and Mr He
UCDK9qD5DAQML-pzrtA7A4oA,http://www.youtube.com/channel/UCDK9qD5DAQML-pzrtA7A4oA,OfflineTV
UCDRbNGFusqlXX4a5vwi9ouQ,http://www.youtube.com/channel/UCDRbNGFusqlXX4a5vwi9ouQ,Vat19
UCDVKYPXwdYUQfgA05CkyFSg,http://www.youtube.com/channel/UCDVKYPXwdYUQfgA05CkyFSg,GameChops
UCDWIvJwLJsE4LG1Atne2blQ,http://www.youtube.com/channel/UCDWIvJwLJsE4LG1Atne2blQ,h3h3Productions
UCDY_0WzkHyj0A1ev6RTql1Q,http://www.youtube.com/channel/UCDY_0WzkHyj0A1ev6RTql1Q,Krewella
UCDiFRMQWpcp8_KD4vwIVicw,http://www.youtube.com/channel/UCDiFRMQWpcp8_KD4vwIVicw,Emergency Awesome
UCDkEssvZ2uu_ntlIGy64GIg,http://www.youtube.com/channel/UCDkEssvZ2uu_ntlIGy64GIg,B. Dylan Hollis
UCDrjVPRLkllWSlsJDNVKwuQ,http://www.youtube.com/channel/UCDrjVPRLkllWSlsJDNVKwuQ,Finding Your Internal Symphony 
UCDsO-0Yo5zpJk575nKXgMVA,http://www.youtube.com/channel/UCDsO-0Yo5zpJk575nKXgMVA,RocketJump
UCDtt0lu_yqfT0YTWtGdqbZg,http://www.youtube.com/channel/UCDtt0lu_yqfT0YTWtGdqbZg,yuuu
UCE31MqUy6nIMJ_f8y4R3_AA,http://www.youtube.com/channel/UCE31MqUy6nIMJ_f8y4R3_AA,Gavin Webber
UCEBb1b_L6zDS3xTUrIALZOw,http://www.youtube.com/channel/UCEBb1b_L6zDS3xTUrIALZOw,MIT OpenCourseWare
UCENzLyqzPdI0KiOXFA4cJgA,http://www.youtube.com/channel/UCENzLyqzPdI0KiOXFA4cJgA,ProtoMario
UCEPTp5WMAzjh9mOrKUwRLmQ,http://www.youtube.com/channel/UCEPTp5WMAzjh9mOrKUwRLmQ,FPSRussia
UCEadfHmAVUV0rLYo8OP_Ffg,http://www.youtube.com/channel/UCEadfHmAVUV0rLYo8OP_Ffg,Evolution Primitive Time
UCEjA5F8lg5ntTbS7WDeRDFA,http://www.youtube.com/channel/UCEjA5F8lg5ntTbS7WDeRDFA,Mr.Heang Update
UCF-Qr9XYSNZ4AuXwfrUcksQ,http://www.youtube.com/channel/UCF-Qr9XYSNZ4AuXwfrUcksQ,FOXXVLOGS
UCFCIfxMvBA4h6MQ7v1b3VMQ,http://www.youtube.com/channel/UCFCIfxMvBA4h6MQ7v1b3VMQ,DrScrew
UCFN3lenUT-LVL3SMvn-z7Vg,http://www.youtube.com/channel/UCFN3lenUT-LVL3SMvn-z7Vg,DawnforgedCast
UCFSunwq12j4OCY-HTnlQieg,http://www.youtube.com/channel/UCFSunwq12j4OCY-HTnlQieg,Saturn (deactivated)
UCFVw1U1qk5WVEAOOS9v8S-A,http://www.youtube.com/channel/UCFVw1U1qk5WVEAOOS9v8S-A,Mythical Bits
UCFYMDSW-BzeYZKFSxROw3Rg,http://www.youtube.com/channel/UCFYMDSW-BzeYZKFSxROw3Rg,The Living Tombstone
UCFari28bQmSVIbmzDjbiS7Q,http://www.youtube.com/channel/UCFari28bQmSVIbmzDjbiS7Q,Strawburry17
UCFbQx5sX4omZxKiBEHTF7dA,http://www.youtube.com/channel/UCFbQx5sX4omZxKiBEHTF7dA,Snoopey0
UCFbtcTaMFnOAP0pFO1L8hVw,http://www.youtube.com/channel/UCFbtcTaMFnOAP0pFO1L8hVw,Kyle Hill
UCFcqi7MrlzIp9RMTtUlxE8g,http://www.youtube.com/channel/UCFcqi7MrlzIp9RMTtUlxE8g,Avenged Sevenfold
UCFhXFikryT4aFcLkLw2LBLA,http://www.youtube.com/channel/UCFhXFikryT4aFcLkLw2LBLA,NileRed
UCFkCZMlxdIB2LU29a3ak7Jw,http://www.youtube.com/channel/UCFkCZMlxdIB2LU29a3ak7Jw,RustyFIN
UCFoe3PEb1_7sAY1ZgehNP3A,http://www.youtube.com/channel/UCFoe3PEb1_7sAY1ZgehNP3A,DIY or DIE
UCFqP-oa_ZVMmyReYXQ2yRyQ,http://www.youtube.com/channel/UCFqP-oa_ZVMmyReYXQ2yRyQ,Kenna.N
UCFsDMlkYLpTVt9-cqmZxqZg,http://www.youtube.com/channel/UCFsDMlkYLpTVt9-cqmZxqZg,Will Neff
UCFtc3XdXgLFwhlDajMGK69w,http://www.youtube.com/channel/UCFtc3XdXgLFwhlDajMGK69w,NightHawkInLight
UCG4WwHG8OFoPWZQ4VN_jKAw,http://www.youtube.com/channel/UCG4WwHG8OFoPWZQ4VN_jKAw,DJ DeepDrama
UCG59vVRe_wP55tqqWLimnAQ,http://www.youtube.com/channel/UCG59vVRe_wP55tqqWLimnAQ,Paul Daniels
UCGAY8t6KCq0tXyBFfjXeHZw,http://www.youtube.com/channel/UCGAY8t6KCq0tXyBFfjXeHZw,Ed Bassmaster
UCGKljGThzVd5knQhCvkT6zQ,http://www.youtube.com/channel/UCGKljGThzVd5knQhCvkT6zQ,DeFrancoGames
UCGSe7AAcNpoMBGp3BBaNeKA,http://www.youtube.com/channel/UCGSe7AAcNpoMBGp3BBaNeKA,TheAwesomeENO
UCGaVdbSav8xWuFWTadK6loA,http://www.youtube.com/channel/UCGaVdbSav8xWuFWTadK6loA,vlogbrothers
UCGbuAbSys-10iPfvxtkcTCQ,http://www.youtube.com/channel/UCGbuAbSys-10iPfvxtkcTCQ,ORIGIN PC
UCGcF0fKGWCu1a-QJ6crOHlQ,http://www.youtube.com/channel/UCGcF0fKGWCu1a-QJ6crOHlQ,FudgeMuppet
UCGhCVGZ0ZSpe5hJHWyiLwHA,http://www.youtube.com/channel/UCGhCVGZ0ZSpe5hJHWyiLwHA,Zoomin Games
UCGieG0SoGN7o3ZKzHGhHhUw,http://www.youtube.com/channel/UCGieG0SoGN7o3ZKzHGhHhUw,shurap
UCGmAzForvf0sns_PjZhllSw,http://www.youtube.com/channel/UCGmAzForvf0sns_PjZhllSw,RageNineteen
UCGt7X90Au6BV8rf49BiM6Dg,http://www.youtube.com/channel/UCGt7X90Au6BV8rf49BiM6Dg,Ray William Johnson
UCGwPbAQdGA3_88WBuGtg9tw,http://www.youtube.com/channel/UCGwPbAQdGA3_88WBuGtg9tw,grav3yardgirl
UCGydrkfIhUDNCotYQI8TJhA,http://www.youtube.com/channel/UCGydrkfIhUDNCotYQI8TJhA,Cartoon Network UK
UCH-Uobgd_TrFNnxuphSnbeQ,http://www.youtube.com/channel/UCH-Uobgd_TrFNnxuphSnbeQ,Tenacious D
UCH-_hzb2ILSCo9ftVSnrCIQ,http://www.youtube.com/channel/UCH-_hzb2ILSCo9ftVSnrCIQ,YOGSCAST Lewis & Simon
UCHEf6T_gVq4tlW5i91ESiWg,http://www.youtube.com/channel/UCHEf6T_gVq4tlW5i91ESiWg,People Vs Food
UCHExB-d5s0zBcbsaHEUy91Q,http://www.youtube.com/channel/UCHExB-d5s0zBcbsaHEUy91Q,Evie Lupine
UCHSIA2JRC5PWvUX4Sl8OrcA,http://www.youtube.com/channel/UCHSIA2JRC5PWvUX4Sl8OrcA,Jammidodger
UCHZ986wm_sJT6wntdDTIIcw,http://www.youtube.com/channel/UCHZ986wm_sJT6wntdDTIIcw,FitMC
UCHl8s8mIsjWcVufQkzo_1Cg,http://www.youtube.com/channel/UCHl8s8mIsjWcVufQkzo_1Cg,AMES
UCHspkWZ3NMC8G9n_r6Hx6iQ,http://www.youtube.com/channel/UCHspkWZ3NMC8G9n_r6Hx6iQ,Cabot Phillips
UCHu2KNu6TtJ0p4hpSW7Yv7Q,http://www.youtube.com/channel/UCHu2KNu6TtJ0p4hpSW7Yv7Q,Jazza
UCHu6yK2Ht1J7lfvYBXv0OsQ,http://www.youtube.com/channel/UCHu6yK2Ht1J7lfvYBXv0OsQ,Lily Alexandre
UCHw1zLd2Zu82CCk3E1_Pvkw,http://www.youtube.com/channel/UCHw1zLd2Zu82CCk3E1_Pvkw,iDigTheMullet
UCI2my1EoaPqXkCiEJ9HbuPw,http://www.youtube.com/channel/UCI2my1EoaPqXkCiEJ9HbuPw,Nero Young
UCIA9jUDnKVMYc4SmqTxcwqg,http://www.youtube.com/channel/UCIA9jUDnKVMYc4SmqTxcwqg,Cartoon Hangover
UCIEv3lZ_tNXHzL3ox-_uUGQ,http://www.youtube.com/channel/UCIEv3lZ_tNXHzL3ox-_uUGQ,Gordon Ramsay
UCIGEtjevANE0Nqain3EqNSg,http://www.youtube.com/channel/UCIGEtjevANE0Nqain3EqNSg,TysyTube Restoration
UCIJ6_pI8ZBc_xVMPYzwQz9g,http://www.youtube.com/channel/UCIJ6_pI8ZBc_xVMPYzwQz9g,chuggaaconroy
UCIOfoptCwOUiE-hnjrhl21Q,http://www.youtube.com/channel/UCIOfoptCwOUiE-hnjrhl21Q,liamcarps
UCIVH2jpqsftBkYVpnynHRdw,http://www.youtube.com/channel/UCIVH2jpqsftBkYVpnynHRdw,Nurse
UCIg7U4yoXlm2_nnkl9wsIcw,http://www.youtube.com/channel/UCIg7U4yoXlm2_nnkl9wsIcw,Felicia Day
UCIgKGGJkt1MrNmhq3vRibYA,http://www.youtube.com/channel/UCIgKGGJkt1MrNmhq3vRibYA,NurdRage
UCIgROm26GDN1Qu4PPvGCB6Q,http://www.youtube.com/channel/UCIgROm26GDN1Qu4PPvGCB6Q,DailyYou
UCIiBf-JbtCazHSFqXV4JgoA,http://www.youtube.com/channel/UCIiBf-JbtCazHSFqXV4JgoA,Grace Helbig
UCJ0-OtVpF0wOKEqT2Z1HEtA,http://www.youtube.com/channel/UCJ0-OtVpF0wOKEqT2Z1HEtA,ElectroBOOM
UCJ2ZDzMRgSrxmwphstrm8Ww,http://www.youtube.com/channel/UCJ2ZDzMRgSrxmwphstrm8Ww,Smosh Games
UCJ6-So7ndDeeYdudPIbhCiA,http://www.youtube.com/channel/UCJ6-So7ndDeeYdudPIbhCiA,Brozime
UCJ9WvfWQwKUcHnRhPQ59fAg,http://www.youtube.com/channel/UCJ9WvfWQwKUcHnRhPQ59fAg,Notion Bonsai
UCJHA_jMfCvEnv-3kRjTCQXw,http://www.youtube.com/channel/UCJHA_jMfCvEnv-3kRjTCQXw,Babish Culinary Universe
UCJHvN0zYgO2ZLjePERRLjKQ,http://www.youtube.com/channel/UCJHvN0zYgO2ZLjePERRLjKQ,This Trippy Hippie
UCJOn90pbzbjUKg4hh919QKA,http://www.youtube.com/channel/UCJOn90pbzbjUKg4hh919QKA,Tip Top Workshop
UCJQL1Fai-9GlVunsbP4x8Pg,http://www.youtube.com/channel/UCJQL1Fai-9GlVunsbP4x8Pg,MyHarto
UCJW9YScngZyevv40qOS5QYQ,http://www.youtube.com/channel/UCJW9YScngZyevv40qOS5QYQ,Sips - Live!
UCJc4xmnth5jNLHdclnmhTAA,http://www.youtube.com/channel/UCJc4xmnth5jNLHdclnmhTAA,Dylan Ogden
UCJcYRr8rpsxVPfWA5vkuxFw,http://www.youtube.com/channel/UCJcYRr8rpsxVPfWA5vkuxFw,Jared Dines
UCJm5yR1KFcysl_0I3x-iReg,http://www.youtube.com/channel/UCJm5yR1KFcysl_0I3x-iReg,lacigreen
UCJq72bcEJJ2A6HOuFyaw3Fg,http://www.youtube.com/channel/UCJq72bcEJJ2A6HOuFyaw3Fg,Evan Duffy
UCK35gGgy2L8rzuZz89EVy1w,http://www.youtube.com/channel/UCK35gGgy2L8rzuZz89EVy1w,Kiwo
UCK3eoeo-HGHH11Pevo1MzfQ,http://www.youtube.com/channel/UCK3eoeo-HGHH11Pevo1MzfQ,Blitz
UCK8sQmJBp8GCxrOtXWBpyEA,http://www.youtube.com/channel/UCK8sQmJBp8GCxrOtXWBpyEA,Google
UCKB1iG1T9YDpcDI7LhrnJ3w,http://www.youtube.com/channel/UCKB1iG1T9YDpcDI7LhrnJ3w,JeepersMedia
UCKBhqi0U1Kx9KmL5rc-inMA,http://www.youtube.com/channel/UCKBhqi0U1Kx9KmL5rc-inMA,Leigh_Mcnasty
UCKKiQ8Bz3pgiJ7JdqNrQfeQ,http://www.youtube.com/channel/UCKKiQ8Bz3pgiJ7JdqNrQfeQ,Mehditation
UCKNdRVnrxkYIeV5HAmPvzww,http://www.youtube.com/channel/UCKNdRVnrxkYIeV5HAmPvzww,Western Welding Academy
UCKOvOaJv4GK-oDqx-sj7VVg,http://www.youtube.com/channel/UCKOvOaJv4GK-oDqx-sj7VVg,Chubbyemu
UCKVfKr96Ifr3Dnhb6mhDAdw,http://www.youtube.com/channel/UCKVfKr96Ifr3Dnhb6mhDAdw,doddleoddle
UCKab3hYnOoTZZbEUQBMx-ww,http://www.youtube.com/channel/UCKab3hYnOoTZZbEUQBMx-ww,OfficialNerdCubed
UCKd49wwdEdIoM-7Fumhwmog,http://www.youtube.com/channel/UCKd49wwdEdIoM-7Fumhwmog,Quint BUILDs
UCKf4vzRQJc9cVfaAYaZBS1w,http://www.youtube.com/channel/UCKf4vzRQJc9cVfaAYaZBS1w,Sculpture_Geek
UCKi52SDIwr5ysHX_ROF7A1g,http://www.youtube.com/channel/UCKi52SDIwr5ysHX_ROF7A1g,OMGitsfirefoxx
UCKk076mm-7JjLxJcFSXIPJA,http://www.youtube.com/channel/UCKk076mm-7JjLxJcFSXIPJA,outsidexbox
UCKkFE8ue_rvxp_U39LJe8ig,http://www.youtube.com/channel/UCKkFE8ue_rvxp_U39LJe8ig,Lets Learn Something
UCKrFXqpQj3gM98LF22Yq8Kg,http://www.youtube.com/channel/UCKrFXqpQj3gM98LF22Yq8Kg,NintendoCapriSun
UCKw3UQ7AMPXkJ5nYxfg_Gyg,http://www.youtube.com/channel/UCKw3UQ7AMPXkJ5nYxfg_Gyg,MorninAfterKill
UCL1oEMyHvDXItSldzW3xmaw,http://www.youtube.com/channel/UCL1oEMyHvDXItSldzW3xmaw,Coach Jamie
UCL7DDQWP6x7wy0O6L5ZIgxg,http://www.youtube.com/channel/UCL7DDQWP6x7wy0O6L5ZIgxg,2ndJerma
UCL81YHgzH8tcrFfOJJwlSQw,http://www.youtube.com/channel/UCL81YHgzH8tcrFfOJJwlSQw,LinusCatTips
UCL8Nxsa1LB9DrMTHtt3IKiw,http://www.youtube.com/channel/UCL8Nxsa1LB9DrMTHtt3IKiw,Mashable
UCLDW_vQB2O47PyqbPUws0nw,http://www.youtube.com/channel/UCLDW_vQB2O47PyqbPUws0nw,Mustastic
UCLKqE_2ypspRF7_z4bTmLBQ,http://www.youtube.com/channel/UCLKqE_2ypspRF7_z4bTmLBQ,Justa Minx
UCLO9n5sEoTKsDFMfqCPHt9A,http://www.youtube.com/channel/UCLO9n5sEoTKsDFMfqCPHt9A,Nate Petroski
UCLRuscoOB86ZVLCBPEi-4Jw,http://www.youtube.com/channel/UCLRuscoOB86ZVLCBPEi-4Jw,Orc Hat
UCLWWnmBIoRH1A0hM7k88xtQ,http://www.youtube.com/channel/UCLWWnmBIoRH1A0hM7k88xtQ,Socks
UCLcGuDKe2mtrpSBtVitUKLQ,http://www.youtube.com/channel/UCLcGuDKe2mtrpSBtVitUKLQ,HAWPVideos
UCLcSXcFT1e-R_cOWU670-Kw,http://www.youtube.com/channel/UCLcSXcFT1e-R_cOWU670-Kw,Gary The Goat
UCLe_kjXzRP_0opzw-BXiQxw,http://www.youtube.com/channel/UCLe_kjXzRP_0opzw-BXiQxw,XtremeGamez
UCLtREJY21xRfCuEKvdki1Kw,http://www.youtube.com/channel/UCLtREJY21xRfCuEKvdki1Kw,H3 Podcast
UCLvgfPElEhJrOuMsSXNZ0Rw,http://www.youtube.com/channel/UCLvgfPElEhJrOuMsSXNZ0Rw,Utorak007
UCLvoQbwv767vTKDNOcLzI3A,http://www.youtube.com/channel/UCLvoQbwv767vTKDNOcLzI3A,"12,250,940 views"
UCLx053rWZxCiYWsBETgdKrQ,http://www.youtube.com/channel/UCLx053rWZxCiYWsBETgdKrQ,LGR
UCM2FHDmMP92caH9aK7RwEdw,http://www.youtube.com/channel/UCM2FHDmMP92caH9aK7RwEdw,Aureylian
UCM8VEx4mQ8OLu363TN4T4XA,http://www.youtube.com/channel/UCM8VEx4mQ8OLu363TN4T4XA,goodlyfeaddikts
UCMQkYC9HUcPTertReHILVOA,http://www.youtube.com/channel/UCMQkYC9HUcPTertReHILVOA,Brodual
UCMXmW17zOU6IF6wWZJ7vWIg,http://www.youtube.com/channel/UCMXmW17zOU6IF6wWZJ7vWIg,JoshRocksGuitarHero
UCM_Isiavzq8zd0rzzNrnxzw,http://www.youtube.com/channel/UCM_Isiavzq8zd0rzzNrnxzw,Five Knives
UCMdGPato0IC5-zZjJIf-P9w,http://www.youtube.com/channel/UCMdGPato0IC5-zZjJIf-P9w,SwaggerSouls
UCMe8Y3zO7_la3uHaWR3OVrg,http://www.youtube.com/channel/UCMe8Y3zO7_la3uHaWR3OVrg,Arcade Matt
UCMniz25UrS4II255o0S6XTg,http://www.youtube.com/channel/UCMniz25UrS4II255o0S6XTg,MACJunkie88
UCMrMVIBtqFW6O0-MWq26gqw,http://www.youtube.com/channel/UCMrMVIBtqFW6O0-MWq26gqw,my mechanics
UCMsgXPD3wzzt8RxHJmXH7hQ,http://www.youtube.com/channel/UCMsgXPD3wzzt8RxHJmXH7hQ,Cartoon Network
UCMyOj6fhvKFMjxUCp3b_3gA,http://www.youtube.com/channel/UCMyOj6fhvKFMjxUCp3b_3gA,Nick DiGiovanni
UCN-v-Xn9S7oYk0X2v1jx1Qg,http://www.youtube.com/channel/UCN-v-Xn9S7oYk0X2v1jx1Qg,StoneMountain64
UCN474WQPkqqhUbxhkXKieQw,http://www.youtube.com/channel/UCN474WQPkqqhUbxhkXKieQw,Robbaz
UCN4FK2FL1wUB7INMV3gw3kQ,http://www.youtube.com/channel/UCN4FK2FL1wUB7INMV3gw3kQ,Primitive Skills 2
UCN5DnAD0_VwpQTpDsjKgkog,http://www.youtube.com/channel/UCN5DnAD0_VwpQTpDsjKgkog,Resurrection Fern
UCN9wHzrHRdKVzCSeV-5RuzA,http://www.youtube.com/channel/UCN9wHzrHRdKVzCSeV-5RuzA,Shane Dawson TV
UCNCn-UKVvj1XdVuJkCOe-IA,http://www.youtube.com/channel/UCNCn-UKVvj1XdVuJkCOe-IA,SCP Orientation - Live Action
UCNEZ7cqaZzYLeyWfTkelkEA,http://www.youtube.com/channel/UCNEZ7cqaZzYLeyWfTkelkEA,TAOFLEDERMAUS
UCNKcMBYP_-18FLgk4BYGtfw,http://www.youtube.com/channel/UCNKcMBYP_-18FLgk4BYGtfw,AWE me
UCNYrK4tc5i1-eL8TXesH2pg,http://www.youtube.com/channel/UCNYrK4tc5i1-eL8TXesH2pg,schmoyoho
UCNnKprAG-MWLsk-GsbsC2BA,http://www.youtube.com/channel/UCNnKprAG-MWLsk-GsbsC2BA,Flashgitz
UCNovoA9w0KnxyDP5bGrOYzg,http://www.youtube.com/channel/UCNovoA9w0KnxyDP5bGrOYzg,Tek Syndicate
UCNqFDjYTexJDET3rPDrmJKg,http://www.youtube.com/channel/UCNqFDjYTexJDET3rPDrmJKg,7clouds
UCO-fR0Fn04ByAiOxNYfi30A,http://www.youtube.com/channel/UCO-fR0Fn04ByAiOxNYfi30A,James Seo
UCO4rvxZ-bJ6uGDeSkMCmzEg,http://www.youtube.com/channel/UCO4rvxZ-bJ6uGDeSkMCmzEg,Bay Area Buggs
UCO8DQrSp5yEP937qNqTooOw,http://www.youtube.com/channel/UCO8DQrSp5yEP937qNqTooOw,Strange Parts
UCO9594Zsz_N_Mo8ZNe0n15g,http://www.youtube.com/channel/UCO9594Zsz_N_Mo8ZNe0n15g,PlayAstra
UCOATlDlBhrGmtwwV5hUw1VQ,http://www.youtube.com/channel/UCOATlDlBhrGmtwwV5hUw1VQ,ScarlettMoon19
UCOOJhf0pM4reAZOqMpMWVYQ,http://www.youtube.com/channel/UCOOJhf0pM4reAZOqMpMWVYQ,Nick Pitera
UCOShYmNWKdscQQIL0mi7cFw,http://www.youtube.com/channel/UCOShYmNWKdscQQIL0mi7cFw,I AM BUILDER
UCOSw4K-98kx--v4hObsQVOg,http://www.youtube.com/channel/UCOSw4K-98kx--v4hObsQVOg,thecomputernerd01
UCOVxXJSvl3qXFUtf-UZ8qjw,http://www.youtube.com/channel/UCOVxXJSvl3qXFUtf-UZ8qjw,SorcererDave
UCOe9MZS4bL6tZ6Y7RsRGV7A,http://www.youtube.com/channel/UCOe9MZS4bL6tZ6Y7RsRGV7A,theAFICIONAUTO
UCOmMUjaCM5koM_nSJ1KVg5Q,http://www.youtube.com/channel/UCOmMUjaCM5koM_nSJ1KVg5Q,forrestfire101
UCOpGGt8Ftjp_TKHQ98HhLAg,http://www.youtube.com/channel/UCOpGGt8Ftjp_TKHQ98HhLAg,This channel is not active
UCOw4v1j3QnzH7X4krQAS7fg,http://www.youtube.com/channel/UCOw4v1j3QnzH7X4krQAS7fg,Tessa Violet
UCP-iaFrmWcOG0o461wMicdg,http://www.youtube.com/channel/UCP-iaFrmWcOG0o461wMicdg,TheGamingBeaver
UCP0_k4INXrwPS6HhIyYqsTg,http://www.youtube.com/channel/UCP0_k4INXrwPS6HhIyYqsTg,Steven He
UCP1V_eQ-_htyVUab7ib9-cA,http://www.youtube.com/channel/UCP1V_eQ-_htyVUab7ib9-cA,SCP Orientation
UCP2-S6-M9ZvlY8t7cRn4O6A,http://www.youtube.com/channel/UCP2-S6-M9ZvlY8t7cRn4O6A,Twisted Translations
UCPCw5ycqW0fme1BdvNqOxbw,http://www.youtube.com/channel/UCPCw5ycqW0fme1BdvNqOxbw,ProjectAir
UCPDExPQ09Vc6_Gj_Ga6MwKw,http://www.youtube.com/channel/UCPDExPQ09Vc6_Gj_Ga6MwKw,Cartoon Universe
UCPDXXXJj9nax0fr0Wfc048g,http://www.youtube.com/channel/UCPDXXXJj9nax0fr0Wfc048g,CollegeHumor
UCPD_bxCRGpmmeQcbe2kpPaA,http://www.youtube.com/channel/UCPD_bxCRGpmmeQcbe2kpPaA,First We Feast
UCPNokRZ9hacjIQ3IQL6HNUQ,http://www.youtube.com/channel/UCPNokRZ9hacjIQ3IQL6HNUQ,Zedd
UCPZUQqtVDmcjm4NY5FkzqLA,http://www.youtube.com/channel/UCPZUQqtVDmcjm4NY5FkzqLA,Rousseau
UCP_MH7uLLHYA3n7lrhuhQTw,http://www.youtube.com/channel/UCP_MH7uLLHYA3n7lrhuhQTw,rabid raviv
UCPaoiTiSDhXLpbGrzxsew3g,http://www.youtube.com/channel/UCPaoiTiSDhXLpbGrzxsew3g,Nanz
UCPhFPm0bWKeTSwdOL_f-yKw,http://www.youtube.com/channel/UCPhFPm0bWKeTSwdOL_f-yKw,The Old CallMeKevin Channel
UCPjp41qeXe1o_lp1US9TpWA,http://www.youtube.com/channel/UCPjp41qeXe1o_lp1US9TpWA,iPad Rehab
UCPn2dRRHGodgdwiK40K7xLQ,http://www.youtube.com/channel/UCPn2dRRHGodgdwiK40K7xLQ,F1NN5TER
UCPzFLpOblZEaIx2lpym1l1A,http://www.youtube.com/channel/UCPzFLpOblZEaIx2lpym1l1A,Alex
UCQD3awTLw9i8Xzh85FKsuJA,http://www.youtube.com/channel/UCQD3awTLw9i8Xzh85FKsuJA,SovietWomble
UCQM7jYPAdBAcFnsg0unhU0Q,http://www.youtube.com/channel/UCQM7jYPAdBAcFnsg0unhU0Q,Octopimp
UCQMELFlXQL38KPm8kM-4Adg,http://www.youtube.com/channel/UCQMELFlXQL38KPm8kM-4Adg,Jay Leno's Garage
UCQVwn0HNVFhg52-8ln0WJSw,http://www.youtube.com/channel/UCQVwn0HNVFhg52-8ln0WJSw,Iron Chef Dad
UCQYTSsUYm188D5ijYJRZqFQ,http://www.youtube.com/channel/UCQYTSsUYm188D5ijYJRZqFQ,Coop772
UCQ_4F3-BaYISGvSw8Q84xZw,http://www.youtube.com/channel/UCQ_4F3-BaYISGvSw8Q84xZw,StompThompson
UCQd82ZrlW8b8_MujwDO9ajw,http://www.youtube.com/channel/UCQd82ZrlW8b8_MujwDO9ajw,Rythian
UCQeRaTukNYft1_6AZPACnog,http://www.youtube.com/channel/UCQeRaTukNYft1_6AZPACnog,Asmongold TV 
UCQj4ZJd2QxRHwVYQbMvcKdQ,http://www.youtube.com/channel/UCQj4ZJd2QxRHwVYQbMvcKdQ,itmeJP
UCQngdXqSkWqfysK0A-00KUA,http://www.youtube.com/channel/UCQngdXqSkWqfysK0A-00KUA,Vành Khuyên Lê
UCQqTg6LMpBiXx9ulRfjapsg,http://www.youtube.com/channel/UCQqTg6LMpBiXx9ulRfjapsg,Michael Reee2
UCQvWX73GQygcwXOTSf_VDVg,http://www.youtube.com/channel/UCQvWX73GQygcwXOTSf_VDVg,Minecraft - Topic
UCR-QYzXrZF8yFarK8wZbHog,http://www.youtube.com/channel/UCR-QYzXrZF8yFarK8wZbHog,Colleen Ballinger
UCR4s1DE9J4DHzZYXMltSMAg,http://www.youtube.com/channel/UCR4s1DE9J4DHzZYXMltSMAg,HowToBasic
UCR9NuNwCUIhMOLUQnLN7_WA,http://www.youtube.com/channel/UCR9NuNwCUIhMOLUQnLN7_WA,Kyle Exum
UCRAEUAmW9kletIzOxhpLRFw,http://www.youtube.com/channel/UCRAEUAmW9kletIzOxhpLRFw,Sykkuno
UCRC6cNamj9tYAO6h_RXd5xA,http://www.youtube.com/channel/UCRC6cNamj9tYAO6h_RXd5xA,RTGame
UCRDVE5L1LTWhmPAKKbUBGtg,http://www.youtube.com/channel/UCRDVE5L1LTWhmPAKKbUBGtg,JoCat
UCRFj4Yj1nKhgrT-_8AUsaDg,http://www.youtube.com/channel/UCRFj4Yj1nKhgrT-_8AUsaDg,DancingBacons
UCRHXUZ0BxbkU2MYZgsuFgkQ,http://www.youtube.com/channel/UCRHXUZ0BxbkU2MYZgsuFgkQ,The Spiffing Brit
UCRPHknkyeXaYcVUtwkz-FXQ,http://www.youtube.com/channel/UCRPHknkyeXaYcVUtwkz-FXQ,SAYER
UCRTjDJqPumpg4RtzaTMZP2A,http://www.youtube.com/channel/UCRTjDJqPumpg4RtzaTMZP2A,TMNTyler
UCRb3neuqiDNh_ufkmHtVuGw,http://www.youtube.com/channel/UCRb3neuqiDNh_ufkmHtVuGw,Devils Grace
UCRipAFKci8iHAaOW8e3OSVg,http://www.youtube.com/channel/UCRipAFKci8iHAaOW8e3OSVg,Jasmine Vine
UCRooOLENVeHLGMK8Z2adZlw,http://www.youtube.com/channel/UCRooOLENVeHLGMK8Z2adZlw,Retanaru
UCRzPUBhXUZHclB7B5bURFXw,http://www.youtube.com/channel/UCRzPUBhXUZHclB7B5bURFXw,Eater
UCS3hX9ajO9p8BVro5O5mLNA,http://www.youtube.com/channel/UCS3hX9ajO9p8BVro5O5mLNA,Nanalew
UCS42Pk262iOKUXUW9XW_SOg,http://www.youtube.com/channel/UCS42Pk262iOKUXUW9XW_SOg,shouldicleanmyroom
UCS7wVohIwd66b95xyuw7DFQ,http://www.youtube.com/channel/UCS7wVohIwd66b95xyuw7DFQ,Rikki Poynter
UCS87-wYrvmexsLkBj0jhrnQ,http://www.youtube.com/channel/UCS87-wYrvmexsLkBj0jhrnQ,Junkyard Digs
UCSBzN-I43cp0-xekSFW5mkQ,http://www.youtube.com/channel/UCSBzN-I43cp0-xekSFW5mkQ,MEM
UCSDiMahT5qDCjoWtzruztkw,http://www.youtube.com/channel/UCSDiMahT5qDCjoWtzruztkw,ambiguousamphibian
UCSE6yilNScIz1SLTNQvrXMw,http://www.youtube.com/channel/UCSE6yilNScIz1SLTNQvrXMw,Vinheteiro
UCSOfUqPoqpp5aWDDnAyv94g,http://www.youtube.com/channel/UCSOfUqPoqpp5aWDDnAyv94g,JVKE
UCSOkex4abVl14cZ4tLyUYzw,http://www.youtube.com/channel/UCSOkex4abVl14cZ4tLyUYzw,The Warp Zone
UCSRAuXfp7JdIlcVN7Eqctyg,http://www.youtube.com/channel/UCSRAuXfp7JdIlcVN7Eqctyg,Luke Holland Drums
UCSY6p1ZwMs0lW2XP7Zc7k9g,http://www.youtube.com/channel/UCSY6p1ZwMs0lW2XP7Zc7k9g,RimstarOrg
UCSd6xd7dKy9mb0JhHGpyOIQ,http://www.youtube.com/channel/UCSd6xd7dKy9mb0JhHGpyOIQ,Uncle Roger Shorts
UCShPX44-EC3HtvKohu3Ws4A,http://www.youtube.com/channel/UCShPX44-EC3HtvKohu3Ws4A,IndoorSmokers
UCSksodwjNeOQ3Oywr1G4Nag,http://www.youtube.com/channel/UCSksodwjNeOQ3Oywr1G4Nag,JBV Creative
UCT0WNBYRNbYMyfHGsK2KA_A,http://www.youtube.com/channel/UCT0WNBYRNbYMyfHGsK2KA_A,Where's Mars Argo?
UCTAgbu2l6_rBKdbTvEodEDw,http://www.youtube.com/channel/UCTAgbu2l6_rBKdbTvEodEDw,Nerdist
UCTBdEYSbZ1GQRrZenDXcotw,http://www.youtube.com/channel/UCTBdEYSbZ1GQRrZenDXcotw,The Zombtastic
UCTSu4x8ahsJ16T9fWiwlKdg,http://www.youtube.com/channel/UCTSu4x8ahsJ16T9fWiwlKdg,InTheLittleWood aka Martyn
UCTWT9LtF8tXmd3qXNEoqYvA,http://www.youtube.com/channel/UCTWT9LtF8tXmd3qXNEoqYvA,SystemCollapse
UCTXFxw6isdxDKA1Xpj1ZKTQ,http://www.youtube.com/channel/UCTXFxw6isdxDKA1Xpj1ZKTQ,Isla
UCTbC3hJmqKotBt4s2BGRjrA,http://www.youtube.com/channel/UCTbC3hJmqKotBt4s2BGRjrA,Flula
UCTcc3KiX3RYXhi96vI_jJPA,http://www.youtube.com/channel/UCTcc3KiX3RYXhi96vI_jJPA,TheRPGMinx
UCTcw8GqWQlFcc6ioeJQOMAQ,http://www.youtube.com/channel/UCTcw8GqWQlFcc6ioeJQOMAQ,Game Changer Shorts
UCThXXIyRxNGpn1qc3Gxs5lQ,http://www.youtube.com/channel/UCThXXIyRxNGpn1qc3Gxs5lQ,Lena Danya
UCTkXRDQl0luXxVQrRQvWS6w,http://www.youtube.com/channel/UCTkXRDQl0luXxVQrRQvWS6w,Dream
UCTzLRZUgelatKZ4nyIKcAbg,http://www.youtube.com/channel/UCTzLRZUgelatKZ4nyIKcAbg,Hardware Canucks
UCU3gQGhk0lYK-fKOR0sopgg,http://www.youtube.com/channel/UCU3gQGhk0lYK-fKOR0sopgg,CarsandCameras
UCUC_LrU2GpyOvUXAk_wrhbQ,http://www.youtube.com/channel/UCUC_LrU2GpyOvUXAk_wrhbQ,Green Beetle
UCUIJFJJLhxIrZVdAVdwL3bQ,http://www.youtube.com/channel/UCUIJFJJLhxIrZVdAVdwL3bQ,TheJWittz
UCUJXm3LMFLSEe_A2IBf8GwQ,http://www.youtube.com/channel/UCUJXm3LMFLSEe_A2IBf8GwQ,Harry101UK
UCUK0HBIBWgM2c4vsPhkYY4w,http://www.youtube.com/channel/UCUK0HBIBWgM2c4vsPhkYY4w,The Slow Mo Guys
UCUKMpHTtAG8bJY7bMSatNJg,http://www.youtube.com/channel/UCUKMpHTtAG8bJY7bMSatNJg,MattShea
UCUQo7nzH1sXVpzL92VesANw,http://www.youtube.com/channel/UCUQo7nzH1sXVpzL92VesANw,DIY Perks
UCURh19hEVawK-H0Wl7KnR5Q,http://www.youtube.com/channel/UCURh19hEVawK-H0Wl7KnR5Q,Ohmwrecker / Maskedgamer
UCURz5rKDgt7YibUSageNhEw,http://www.youtube.com/channel/UCURz5rKDgt7YibUSageNhEw,NerdSync
UCUT8RoNBTJvwW1iErP6-b-A,http://www.youtube.com/channel/UCUT8RoNBTJvwW1iErP6-b-A,Disguised Toast
UCUUrLcJXpjPs3qKjHhiFbag,http://www.youtube.com/channel/UCUUrLcJXpjPs3qKjHhiFbag,Nalif
UCUW49KGPezggFi0PGyDvcvg,http://www.youtube.com/channel/UCUW49KGPezggFi0PGyDvcvg,Zack Freedman
UCUZzyuAlhHNP3oiuMjn7RfQ,http://www.youtube.com/channel/UCUZzyuAlhHNP3oiuMjn7RfQ,Kitchen Nightmares
UCUg8KhMXhFxJm-YQzOQ7nPw,http://www.youtube.com/channel/UCUg8KhMXhFxJm-YQzOQ7nPw,James Blunt
UCUhnruSXUTaK6csQfQ8HcTw,http://www.youtube.com/channel/UCUhnruSXUTaK6csQfQ8HcTw,Flying Lotus
UCUrl3_yMAewzG2Wvc5p4XHg,http://www.youtube.com/channel/UCUrl3_yMAewzG2Wvc5p4XHg,WhatTravisSays
UCUuQ37SKToKX2ShuZGIgYTw,http://www.youtube.com/channel/UCUuQ37SKToKX2ShuZGIgYTw,Artesian Builds
UCUuvZ0skL2WYZ3rhPMZbfdA,http://www.youtube.com/channel/UCUuvZ0skL2WYZ3rhPMZbfdA,Brick Technology
UCUxkee3yIhcfR2EHaPcF0dw,http://www.youtube.com/channel/UCUxkee3yIhcfR2EHaPcF0dw,KyleDaCrusher
UCUxoapwoGN9cKN5SPKGVh7A,http://www.youtube.com/channel/UCUxoapwoGN9cKN5SPKGVh7A,YOGSCAST Kim
UCUxvvD_DC7kkG4OiS2S_B7g,http://www.youtube.com/channel/UCUxvvD_DC7kkG4OiS2S_B7g,49ccScoot
UCV237HhKrG0Kf26v-FYWS8A,http://www.youtube.com/channel/UCV237HhKrG0Kf26v-FYWS8A,Orange is the New Black
UCV2P4cb6zDK0G7c9Qj0sMRw,http://www.youtube.com/channel/UCV2P4cb6zDK0G7c9Qj0sMRw,Animalist
UCV5vCi3jPJdURZwAOO_FNfQ,http://www.youtube.com/channel/UCV5vCi3jPJdURZwAOO_FNfQ,The Thought Emporium
UCV9_KinVpV-snHe3C3n1hvA,http://www.youtube.com/channel/UCV9_KinVpV-snHe3C3n1hvA,shane
UCVEbcFWM43PS-d5vaSKUMng,http://www.youtube.com/channel/UCVEbcFWM43PS-d5vaSKUMng,Realm Games
UCVLZmDKeT-mV4H3ToYXIFYg,http://www.youtube.com/channel/UCVLZmDKeT-mV4H3ToYXIFYg,Insider Tech
UCVO4_qjpLe-sjsefbWUTitg,http://www.youtube.com/channel/UCVO4_qjpLe-sjsefbWUTitg,Pinkamena Maniac Pie
UCVPLv3bsZWizPbr7HvyGttw,http://www.youtube.com/channel/UCVPLv3bsZWizPbr7HvyGttw,LEN TV
UCVUADDzjYdnGJTuEdUcRt9g,http://www.youtube.com/channel/UCVUADDzjYdnGJTuEdUcRt9g,Joe Jeremiah
UCV_5T8FxpeBl_0xws3BruSA,http://www.youtube.com/channel/UCV_5T8FxpeBl_0xws3BruSA,LockMan28
UCVaR0cTRg0IrMwEaACybRPw,http://www.youtube.com/channel/UCVaR0cTRg0IrMwEaACybRPw,Ottomated
UCVd4vxmL1SO5wHe8VpyA_NA,http://www.youtube.com/channel/UCVd4vxmL1SO5wHe8VpyA_NA,About To Eat
UCVe_8HDwE57tJKxpeJPTSCg,http://www.youtube.com/channel/UCVe_8HDwE57tJKxpeJPTSCg,Cook With Mikey
UCVi7xUv8w1ytXMcsT8MuYBA,http://www.youtube.com/channel/UCVi7xUv8w1ytXMcsT8MuYBA,Katie Wilson
UCVklElF803kHQPEFVl_RjEg,http://www.youtube.com/channel/UCVklElF803kHQPEFVl_RjEg,Brothgar Live
UCVtFOytbRpEvzLjvqGG5gxQ,http://www.youtube.com/channel/UCVtFOytbRpEvzLjvqGG5gxQ,KSI
UCVzbLPpZ_VMqDzUtmN3uU9A,http://www.youtube.com/channel/UCVzbLPpZ_VMqDzUtmN3uU9A,ChimneySwift11
UCW-sgHW_4bVJPy9BPZzQaaQ,http://www.youtube.com/channel/UCW-sgHW_4bVJPy9BPZzQaaQ,Joman
UCWKqh_3cb6cDiz2ICWc-5Sw,http://www.youtube.com/channel/UCWKqh_3cb6cDiz2ICWc-5Sw,Gear Show
UCWM_vy9fjj9I5Y-7pfzgZkw,http://www.youtube.com/channel/UCWM_vy9fjj9I5Y-7pfzgZkw,YOGSCAST Tee
UCWRV5AVOlKJR1Flvgt310Cw,http://www.youtube.com/channel/UCWRV5AVOlKJR1Flvgt310Cw,Zoella
UCWSogVjgNQPq1UU3BCpgQDw,http://www.youtube.com/channel/UCWSogVjgNQPq1UU3BCpgQDw,Bryn Avery
UCWTD3EHR2SWV4D8WplDWFVg,http://www.youtube.com/channel/UCWTD3EHR2SWV4D8WplDWFVg,LindseyTime
UCWiPkogV65gqqNkwqci4yZA,http://www.youtube.com/channel/UCWiPkogV65gqqNkwqci4yZA,InTheLittleWood
UCWizIdwZdmr43zfxlCktmNw,http://www.youtube.com/channel/UCWizIdwZdmr43zfxlCktmNw,Alec Steele
UCWljxewHlJE3M7U_6_zFNyA,http://www.youtube.com/channel/UCWljxewHlJE3M7U_6_zFNyA,AwesomenessTV
UCWm6dvb3kXIjp_xzCGByuKg,http://www.youtube.com/channel/UCWm6dvb3kXIjp_xzCGByuKg,kicesie
UCWtGlHXR9B4Kx97-YC78Qww,http://www.youtube.com/channel/UCWtGlHXR9B4Kx97-YC78Qww,Markus Persson - Topic
UCWxlUwW9BgGISaakjGM37aw,http://www.youtube.com/channel/UCWxlUwW9BgGISaakjGM37aw,Valkyrae
UCX6OQ3DkcsbYNE6H8uQQuVA,http://www.youtube.com/channel/UCX6OQ3DkcsbYNE6H8uQQuVA,MrBeast
UCX6dP7TzIjxm--oDTPVQ0LQ,http://www.youtube.com/channel/UCX6dP7TzIjxm--oDTPVQ0LQ,MaryMakingIt
UCXAi-pPpdtc9uxU39E-PBEQ,http://www.youtube.com/channel/UCXAi-pPpdtc9uxU39E-PBEQ,House M.D.
UCXGR70CkW_pXb8n52LzCCRw,http://www.youtube.com/channel/UCXGR70CkW_pXb8n52LzCCRw,Mythical Kitchen
UCXGgrKt94gR6lmN4aN3mYTg,http://www.youtube.com/channel/UCXGgrKt94gR6lmN4aN3mYTg,Austin Evans
UCXLrdG_ZVt4US1iV40ytiQQ,http://www.youtube.com/channel/UCXLrdG_ZVt4US1iV40ytiQQ,Shawn Wasabi
UCXOKEdfOFxsHO_-Su3K8SHg,http://www.youtube.com/channel/UCXOKEdfOFxsHO_-Su3K8SHg,Strictly Dumpling
UCXOevHnu6lzJqFNa1swefIQ,http://www.youtube.com/channel/UCXOevHnu6lzJqFNa1swefIQ,Pahimar
UCXSL-0r-dc2qUt87koreUew,http://www.youtube.com/channel/UCXSL-0r-dc2qUt87koreUew,TheWepen
UCXUrDDdmQHni2UTSNyIh4ag,http://www.youtube.com/channel/UCXUrDDdmQHni2UTSNyIh4ag,Jenn McAllister
UCXYRdIXDdeZIf816EWAr5zQ,http://www.youtube.com/channel/UCXYRdIXDdeZIf816EWAr5zQ,Macklemore
UCXbYdeldt9XqrXBB1kl00Mg,http://www.youtube.com/channel/UCXbYdeldt9XqrXBB1kl00Mg,TagBackTV
UCXoYUF3pkF69896WEYIhGEQ,http://www.youtube.com/channel/UCXoYUF3pkF69896WEYIhGEQ,MichelleGlavan
UCXrtqz4fqf-OUEVpp2A1W0w,http://www.youtube.com/channel/UCXrtqz4fqf-OUEVpp2A1W0w,NeroTM Animations
UCXuqSBlHAE6Xw-yeJA0Tunw,http://www.youtube.com/channel/UCXuqSBlHAE6Xw-yeJA0Tunw,Linus Tech Tips
UCXvIYFwtLeWSc2DmIZIr0aw,http://www.youtube.com/channel/UCXvIYFwtLeWSc2DmIZIr0aw,CopsHateMoe
UCXvKUavCtDOlA8bT1i2tI3w,http://www.youtube.com/channel/UCXvKUavCtDOlA8bT1i2tI3w,belle delphine
UCXwCtIjfzbUSES1Yg0_Tznw,http://www.youtube.com/channel/UCXwCtIjfzbUSES1Yg0_Tznw,Quick Tips
UCXyLa0_GDTgm1yQX8aPvyQA,http://www.youtube.com/channel/UCXyLa0_GDTgm1yQX8aPvyQA,ZappSpi0n
UCY1kMZp36IQSyNx_9h4mpCg,http://www.youtube.com/channel/UCY1kMZp36IQSyNx_9h4mpCg,Mark Rober
UCY2--S73K_Ce6uvmN9UXvlw,http://www.youtube.com/channel/UCY2--S73K_Ce6uvmN9UXvlw,Waterjet Channel
UCY30JRSgfhYXA6i6xX1erWg,http://www.youtube.com/channel/UCY30JRSgfhYXA6i6xX1erWg,Smosh
UCYDrLQ3O_l7SSLWVc9EblWg,http://www.youtube.com/channel/UCYDrLQ3O_l7SSLWVc9EblWg,Light Wakfu
UCYEK6xds6eo-3tr4xRdflmQ,http://www.youtube.com/channel/UCYEK6xds6eo-3tr4xRdflmQ,deadmau5
UCYELGPo--bqZX_XcnJvdIJA,http://www.youtube.com/channel/UCYELGPo--bqZX_XcnJvdIJA,Casey Blake
UCYSAWDQnoz0uIBRYlophvNw,http://www.youtube.com/channel/UCYSAWDQnoz0uIBRYlophvNw,Restore It
UCYYVRU_fbEseBXwogp3CuMQ,http://www.youtube.com/channel/UCYYVRU_fbEseBXwogp3CuMQ,ambiguousamphibian VODs
UCY_ZUvCv9C_tv5yC0YR0eWg,http://www.youtube.com/channel/UCY_ZUvCv9C_tv5yC0YR0eWg,ZGB Studios
UCYbK_tjZ2OrIZFBvU6CCMiA,http://www.youtube.com/channel/UCYbK_tjZ2OrIZFBvU6CCMiA,Brackeys
UCYjk_zY-iYR8YNfJmuzd70A,http://www.youtube.com/channel/UCYjk_zY-iYR8YNfJmuzd70A,Epic Meal Time
UCYlqUE0jhrPvuB5rB5itLTA,http://www.youtube.com/channel/UCYlqUE0jhrPvuB5rB5itLTA,Antonin Lavigne
UCYmBRsXr995owHHryHYPzFQ,http://www.youtube.com/channel/UCYmBRsXr995owHHryHYPzFQ,Jon Sudano
UCYoKN0FOSrHo1qf4ZqlM2CA,http://www.youtube.com/channel/UCYoKN0FOSrHo1qf4ZqlM2CA,BlackBoxTV
UCYzUOg9p-Z_1o_e-Ua4-VHQ,http://www.youtube.com/channel/UCYzUOg9p-Z_1o_e-Ua4-VHQ,YOGSCAST Zoey
UCZ3edpZNi_qmuBG2FIHW5tQ,http://www.youtube.com/channel/UCZ3edpZNi_qmuBG2FIHW5tQ,Team Double Dragon
UCZFipeZtQM5CKUjx6grh54g,http://www.youtube.com/channel/UCZFipeZtQM5CKUjx6grh54g,Isaac Arthur
UCZHfmiIPaWQSsKsEUg-_xpA,http://www.youtube.com/channel/UCZHfmiIPaWQSsKsEUg-_xpA,LandonProduction
UCZOnoLKzoBItcEk5OsES2TA,http://www.youtube.com/channel/UCZOnoLKzoBItcEk5OsES2TA,Don't Hug Me .I'm Scared
UCZdACoR-FsQsCpPKGNy5Snw,http://www.youtube.com/channel/UCZdACoR-FsQsCpPKGNy5Snw,high5toons
UCZjTDkaBYA2Lq5D5GQDdofw,http://www.youtube.com/channel/UCZjTDkaBYA2Lq5D5GQDdofw,ChaosWulff
UCZkURf9tDolFOeuw_4RD7XQ,http://www.youtube.com/channel/UCZkURf9tDolFOeuw_4RD7XQ,Demi Lovato
UCZnEb05GaAdBbMv4XjBZbaw,http://www.youtube.com/channel/UCZnEb05GaAdBbMv4XjBZbaw,Cooking with kian
UCZrBC5jHOpsMveEXkI2F_xg,http://www.youtube.com/channel/UCZrBC5jHOpsMveEXkI2F_xg,Tessa Smash
UCZvoUuniFzmOjfBt67lNsEQ,http://www.youtube.com/channel/UCZvoUuniFzmOjfBt67lNsEQ,Tasty Recipes
UC_9XQPYPN-5WZI7DJhxwnlg,http://www.youtube.com/channel/UC_9XQPYPN-5WZI7DJhxwnlg,Random Side Quest
UC_BlaMRqdpl9dlo5w6-HI4g,http://www.youtube.com/channel/UC_BlaMRqdpl9dlo5w6-HI4g,KATAI
UC_OEM7An0ir1BZ7otPf7zag,http://www.youtube.com/channel/UC_OEM7An0ir1BZ7otPf7zag,Convicted Vapes
UC_TVqp_SyG6j5hG-xVRy95A,http://www.youtube.com/channel/UC_TVqp_SyG6j5hG-xVRy95A,Skrillex
UC_Ur3Gl49w-YYs4C26vygLg,http://www.youtube.com/channel/UC_Ur3Gl49w-YYs4C26vygLg,Music Or Lose It TV
UC_ViSsVg_3JUDyLS3E2Un5g,http://www.youtube.com/channel/UC_ViSsVg_3JUDyLS3E2Un5g,direwolf20
UC_XymTM6N6skpE0J6vKYh9g,http://www.youtube.com/channel/UC_XymTM6N6skpE0J6vKYh9g,Lofty Pursuits
UC_gE-kg7JvuwCNlbZ1-shlA,http://www.youtube.com/channel/UC_gE-kg7JvuwCNlbZ1-shlA,SourceFed
UC_mneEC0wc29EGGmIsN_xLA,http://www.youtube.com/channel/UC_mneEC0wc29EGGmIsN_xLA,Aunty Donna
UC_pT_Iz6XjuM-eMTlXghdfw,http://www.youtube.com/channel/UC_pT_Iz6XjuM-eMTlXghdfw,Max the Meat Guy
UC_q-UNDJeEBSHqKzAP_8x_A,http://www.youtube.com/channel/UC_q-UNDJeEBSHqKzAP_8x_A,EricTheCarGuy
UC_sDwtPOzEZT_Z7gH_hfJfQ,http://www.youtube.com/channel/UC_sDwtPOzEZT_Z7gH_hfJfQ,Saint Kitten
UC_tvR3xgVNReKaxSbpCG-mQ,http://www.youtube.com/channel/UC_tvR3xgVNReKaxSbpCG-mQ,ShotGunRaids
UC_uMv3bNXwapHl8Dzf2p01Q,http://www.youtube.com/channel/UC_uMv3bNXwapHl8Dzf2p01Q,Lil Nas X
UC_ufxdQbKBrrMOiZ4LzrUyA,http://www.youtube.com/channel/UC_ufxdQbKBrrMOiZ4LzrUyA,PressHeartToContinue
UC_wSuaxwUYsJOBZDWwHIQZg,http://www.youtube.com/channel/UC_wSuaxwUYsJOBZDWwHIQZg,QuarterJade
UCa10nxShhzNrCE1o2ZOPztg,http://www.youtube.com/channel/UCa10nxShhzNrCE1o2ZOPztg,Trap Nation
UCa6vGFO9ty8v5KZJXQxdhaw,http://www.youtube.com/channel/UCa6vGFO9ty8v5KZJXQxdhaw,Jimmy Kimmel Live
UCa7guRnhniICnS0mJbSDmMg,http://www.youtube.com/channel/UCa7guRnhniICnS0mJbSDmMg,ETCG1
UCa90xqK2odw1KV5wHU9WRhg,http://www.youtube.com/channel/UCa90xqK2odw1KV5wHU9WRhg,The Office
UCaAlh3Iy7rAcO3MgD_O3Kkg,http://www.youtube.com/channel/UCaAlh3Iy7rAcO3MgD_O3Kkg,Nik Cooper Music
UCaBf1a-dpIsw8OxqH4ki2Kg,http://www.youtube.com/channel/UCaBf1a-dpIsw8OxqH4ki2Kg,Geek & Sundry
UCaDLzszuLRJEshmzd7zUEMw,http://www.youtube.com/channel/UCaDLzszuLRJEshmzd7zUEMw,Videobakery
UCaHFDI3bywZpc4WNKFlxHEw,http://www.youtube.com/channel/UCaHFDI3bywZpc4WNKFlxHEw,Kongorilla
UCaLkX_Si9eHmSQV30eaX2UA,http://www.youtube.com/channel/UCaLkX_Si9eHmSQV30eaX2UA,AJ McLean
UCaQAsYqswRfXRXXf2-3Y3LA,http://www.youtube.com/channel/UCaQAsYqswRfXRXXf2-3Y3LA,OBZ 
UCaX41nQHPRn7KtoUBnZOrAw,http://www.youtube.com/channel/UCaX41nQHPRn7KtoUBnZOrAw,Cthulhu & Friends
UCa_IQJ0AluVgAJ3BMZOvZqg,http://www.youtube.com/channel/UCa_IQJ0AluVgAJ3BMZOvZqg,Azanor
UCa_UMppcMsHIzb5LDx1u9zQ,http://www.youtube.com/channel/UCa_UMppcMsHIzb5LDx1u9zQ,TheFatRat
UCadgvve8XflvQkYs3-Oxh3g,http://www.youtube.com/channel/UCadgvve8XflvQkYs3-Oxh3g,SweetBayCharms
UCalMWXOgfiMuEK1nWuXgYmg,http://www.youtube.com/channel/UCalMWXOgfiMuEK1nWuXgYmg,Android Doctor
UCan_L4XHfSbCKaTCcntyLTQ,http://www.youtube.com/channel/UCan_L4XHfSbCKaTCcntyLTQ,scarra
UCasG9kJWi1eVxM0QkyqKVJQ,http://www.youtube.com/channel/UCasG9kJWi1eVxM0QkyqKVJQ,Hand Tool Rescue
UCay_OLhWtf9iklq8zg_or0g,http://www.youtube.com/channel/UCay_OLhWtf9iklq8zg_or0g,As/Is
UCb4jjgJb5rtQqQN5GcypFow,http://www.youtube.com/channel/UCb4jjgJb5rtQqQN5GcypFow,The Axis of Awesome
UCbFnGyIcAhDrj-90OzvI7kw,http://www.youtube.com/channel/UCbFnGyIcAhDrj-90OzvI7kw,Oh My Disney
UCbGlZjZ2eWcrajiSM4ohJMg,http://www.youtube.com/channel/UCbGlZjZ2eWcrajiSM4ohJMg,100 Upload Project
UCbLBAEEBhviTVfrcyDQDgwg,http://www.youtube.com/channel/UCbLBAEEBhviTVfrcyDQDgwg,JoshSobo
UCbPpcFw3C_oCFIcZhxB1Wqg,http://www.youtube.com/channel/UCbPpcFw3C_oCFIcZhxB1Wqg,Eden Ecklund
UCbWcXB0PoqOsAvAdfzWMf0w,http://www.youtube.com/channel/UCbWcXB0PoqOsAvAdfzWMf0w,Fredrik Knudsen
UCbochVIwBCzJb9I2lLGXGjQ,http://www.youtube.com/channel/UCbochVIwBCzJb9I2lLGXGjQ,Rhett & Link
UCbpMy0Fg74eXXkvxJrtEn3w,http://www.youtube.com/channel/UCbpMy0Fg74eXXkvxJrtEn3w,Bon Appétit
UCbtqMNNPK4PdUum_BkEfNXg,http://www.youtube.com/channel/UCbtqMNNPK4PdUum_BkEfNXg,Richard B
UCbv6z1qCD7-a6wLMQaddthA,http://www.youtube.com/channel/UCbv6z1qCD7-a6wLMQaddthA,MCGamerCZ
UCbx1TZgxfIauUZyPuBzEwZg,http://www.youtube.com/channel/UCbx1TZgxfIauUZyPuBzEwZg,quill18
UCc4lFNN1eR5Qf1JMUgECaKg,http://www.youtube.com/channel/UCc4lFNN1eR5Qf1JMUgECaKg,Thomas Kim
UCcMDMoNu66_1Hwi5-MeiQgw,http://www.youtube.com/channel/UCcMDMoNu66_1Hwi5-MeiQgw,Hydraulic Press Channel
UCcMTZY1rFXO3Rj44D5VMyiw,http://www.youtube.com/channel/UCcMTZY1rFXO3Rj44D5VMyiw,Machinima
UCcOkA2Xmk1valTOWSyKyp4g,http://www.youtube.com/channel/UCcOkA2Xmk1valTOWSyKyp4g,Doctor Who
UCcSeeATlWJJbXpOZRYOfaDg,http://www.youtube.com/channel/UCcSeeATlWJJbXpOZRYOfaDg,Mustie1
UCcV40gnTH9-T8yw3FHjzWZQ,http://www.youtube.com/channel/UCcV40gnTH9-T8yw3FHjzWZQ,Philly D
UCcXhhVwCT6_WqjkEniejRJQ,http://www.youtube.com/channel/UCcXhhVwCT6_WqjkEniejRJQ,Wintergatan
UCch21nnimsBotOp1ttQlIBw,http://www.youtube.com/channel/UCch21nnimsBotOp1ttQlIBw,HEDGREN2
UCchBatdUMZoMfJ3rIzgV84g,http://www.youtube.com/channel/UCchBatdUMZoMfJ3rIzgV84g,Viva La Dirt League
UCciKycgzURdymx-GRSY2_dA,http://www.youtube.com/channel/UCciKycgzURdymx-GRSY2_dA,Eurogamer
UCcnCXoB2dRjaTKkcd3l517Q,http://www.youtube.com/channel/UCcnCXoB2dRjaTKkcd3l517Q,Bill Owen
UCcyEcbwO2w3r0clHQ5UJ_6Q,http://www.youtube.com/channel/UCcyEcbwO2w3r0clHQ5UJ_6Q,Jackie Rabbit
UCd1Xmm1TFBD-lfZUWaWf7EA,http://www.youtube.com/channel/UCd1Xmm1TFBD-lfZUWaWf7EA,Elite Dangerous
UCd4FmcWIVdWAy0-Q8OJBloQ,http://www.youtube.com/channel/UCd4FmcWIVdWAy0-Q8OJBloQ,사나고 Sanago
UCdI5N6zoxndYTPGNynzKezw,http://www.youtube.com/channel/UCdI5N6zoxndYTPGNynzKezw,StarSlay3r
UCdJdEguB1F1CiYe7OEi3SBg,http://www.youtube.com/channel/UCdJdEguB1F1CiYe7OEi3SBg,JonTronShow
UCddX-H9xUwQH6jOOHuL2vYw,http://www.youtube.com/channel/UCddX-H9xUwQH6jOOHuL2vYw,Hafu
UCdfhVbZsOMwRn4A0LO5k0ww,http://www.youtube.com/channel/UCdfhVbZsOMwRn4A0LO5k0ww,Japanese food craftsman
UCdiqOyAeu__yBOZBt_Op0JQ,http://www.youtube.com/channel/UCdiqOyAeu__yBOZBt_Op0JQ,Thomas Benjamin Wild Esq
UCdxTCCRnQgfi2vr2fZupYIQ,http://www.youtube.com/channel/UCdxTCCRnQgfi2vr2fZupYIQ,Carl Bugeja
UCe9oofjVfJzapRyVlt57x8Q,http://www.youtube.com/channel/UCe9oofjVfJzapRyVlt57x8Q,Marzia
UCeP4Yv3s4RvS0-6d9OInRMw,http://www.youtube.com/channel/UCeP4Yv3s4RvS0-6d9OInRMw,Real Civil Engineer
UCeVBDgameAI0Qhf7leaPhYw,http://www.youtube.com/channel/UCeVBDgameAI0Qhf7leaPhYw,James Veitch
UCe_vXdMrHHseZ_esYUskSBw,http://www.youtube.com/channel/UCe_vXdMrHHseZ_esYUskSBw,CrazyRussianHacker
UCedDp1wdHO91T8k1k_vfRQw,http://www.youtube.com/channel/UCedDp1wdHO91T8k1k_vfRQw,Mistrfister
UCee7sFqGWiJM5DaHzX5nFVA,http://www.youtube.com/channel/UCee7sFqGWiJM5DaHzX5nFVA,YOGSCAST Zylus
UCekQr9znsk2vWxBo3YiLq2w,http://www.youtube.com/channel/UCekQr9znsk2vWxBo3YiLq2w,You Suck At Cooking
UCelcCIsNSyDPSspEvBhxnpQ,http://www.youtube.com/channel/UCelcCIsNSyDPSspEvBhxnpQ,TheBritishBrotherhood
UCeldjX7uh6kOnTLsrDt7MyA,http://www.youtube.com/channel/UCeldjX7uh6kOnTLsrDt7MyA,YouTube Music Key
UCepq9z9ovYGxhNrvf6VMSjg,http://www.youtube.com/channel/UCepq9z9ovYGxhNrvf6VMSjg,CinnamonToastKen
UCes1EvRjcKU4sY_UEavndBw,http://www.youtube.com/channel/UCes1EvRjcKU4sY_UEavndBw,ChrisFix
UCewMTclBJZPaNEfbf-qYMGA,http://www.youtube.com/channel/UCewMTclBJZPaNEfbf-qYMGA,JackSucksAtLife
UCey_c7U86mJGz1VJWH5CYPA,http://www.youtube.com/channel/UCey_c7U86mJGz1VJWH5CYPA,iJustine
UCf0CRezZYOUcvqrdMmozowQ,http://www.youtube.com/channel/UCf0CRezZYOUcvqrdMmozowQ,Maya Henry
UCf3GDC-HtLKyr2NRgCzyzmw,http://www.youtube.com/channel/UCf3GDC-HtLKyr2NRgCzyzmw,Cool Again Restoration
UCfCKUsN2HmXfjiOJc7z7xBw,http://www.youtube.com/channel/UCfCKUsN2HmXfjiOJc7z7xBw,JohnnyQ90
UCfE5Cz44GlZVyoaYTHJbuZw,http://www.youtube.com/channel/UCfE5Cz44GlZVyoaYTHJbuZw,Guga Foods
UCfIqCzQJXvYj9ssCoHq327g,http://www.youtube.com/channel/UCfIqCzQJXvYj9ssCoHq327g,How To Make Everything
UCfLFTP1uTuIizynWsZq2nkQ,http://www.youtube.com/channel/UCfLFTP1uTuIizynWsZq2nkQ,UKF Dubstep
UCfM3zsQsOnfWNUppiycmBuw,http://www.youtube.com/channel/UCfM3zsQsOnfWNUppiycmBuw,EminemMusic
UCfMJ2MchTSW2kWaT0kK94Yw,http://www.youtube.com/channel/UCfMJ2MchTSW2kWaT0kK94Yw,William Osman
UCfO3B57E6NpIn-KsVjvmLLw,http://www.youtube.com/channel/UCfO3B57E6NpIn-KsVjvmLLw,The Transition Channel
UCf_suVrG2dA5BTjJhNLwthQ,http://www.youtube.com/channel/UCf_suVrG2dA5BTjJhNLwthQ,Odd Tinkering
UCfh25b8WktzXp6Bsot7z0Eg,http://www.youtube.com/channel/UCfh25b8WktzXp6Bsot7z0Eg,Titanic Sinclair
UCfiMdLmi7v8tz9Kc5QKUCJg,http://www.youtube.com/channel/UCfiMdLmi7v8tz9Kc5QKUCJg,sevadus
UCfitjgcW3qJymjt6brYl_lA,http://www.youtube.com/channel/UCfitjgcW3qJymjt6brYl_lA,Gro Bonsai
UCfmjjepLCnKzcgIL-IdjHWA,http://www.youtube.com/channel/UCfmjjepLCnKzcgIL-IdjHWA,Sarah Cothran
UCfpM3IBAXN-ifQp-uxb5giQ,http://www.youtube.com/channel/UCfpM3IBAXN-ifQp-uxb5giQ,Blacktail Studio Uncut
UCfsV3FguvnnrOijTzcH6heA,http://www.youtube.com/channel/UCfsV3FguvnnrOijTzcH6heA,TrendCrave
UCfsznjef2zGJnrCRQBXqo6Q,http://www.youtube.com/channel/UCfsznjef2zGJnrCRQBXqo6Q,Machine Thinking
UCg3qsVzHeUt5_cPpcRtoaJQ,http://www.youtube.com/channel/UCg3qsVzHeUt5_cPpcRtoaJQ,圧倒的不審者の極み!
UCgDvko7FcHndaS-QoLJw_PA,http://www.youtube.com/channel/UCgDvko7FcHndaS-QoLJw_PA,yvonnie
UCgFvT6pUq9HLOvKBYERzXSQ,http://www.youtube.com/channel/UCgFvT6pUq9HLOvKBYERzXSQ,Davie504
UCgJRL30YS6XFxq9Ga8W2J3A,http://www.youtube.com/channel/UCgJRL30YS6XFxq9Ga8W2J3A,Mighty Car Mods
UCgPClNr5VSYC3syrDUIlzLw,http://www.youtube.com/channel/UCgPClNr5VSYC3syrDUIlzLw,Adult Swim
UCgR1ylpnaIfGLbpEHulOtZA,http://www.youtube.com/channel/UCgR1ylpnaIfGLbpEHulOtZA,BDMods
UCgZd5ygXFoQry9KDGlddSBg,http://www.youtube.com/channel/UCgZd5ygXFoQry9KDGlddSBg,RiP Trippers
UCgefQJC5UgbWJHDxBqB4qVg,http://www.youtube.com/channel/UCgefQJC5UgbWJHDxBqB4qVg,Jesse
UCgiDRy6oyLanAcFeM4-_OYA,http://www.youtube.com/channel/UCgiDRy6oyLanAcFeM4-_OYA,ANewHopeee
UCgjqppE3mdHT72iBtXaJXdA,http://www.youtube.com/channel/UCgjqppE3mdHT72iBtXaJXdA,e7edit
UCgyqtNWZmIxTx3b6OxTSALw,http://www.youtube.com/channel/UCgyqtNWZmIxTx3b6OxTSALw,Android Authority
UCh0Zt1vUeBzgHVgb9k9AXsg,http://www.youtube.com/channel/UCh0Zt1vUeBzgHVgb9k9AXsg,MandyMonett
UCh8f8vssLddD2PbnU3Ag_Bw,http://www.youtube.com/channel/UCh8f8vssLddD2PbnU3Ag_Bw,Cleetus McFarland
UCh9J-RX5wpjjJdYZ3WVkrYg,http://www.youtube.com/channel/UCh9J-RX5wpjjJdYZ3WVkrYg,Will Matthews
UChA4y1OJxigG9QmhPqPqQEQ,http://www.youtube.com/channel/UChA4y1OJxigG9QmhPqPqQEQ,Nursey__
UChHxJaKDqH4bOs0pX3hkKnA,http://www.youtube.com/channel/UChHxJaKDqH4bOs0pX3hkKnA,Basically Homeless
UChIUP-_S3PzypasXVsY1kJQ,http://www.youtube.com/channel/UChIUP-_S3PzypasXVsY1kJQ,John's Channel
UChIf2KQ0ht9Pyu8Z8uF6rKg,http://www.youtube.com/channel/UChIf2KQ0ht9Pyu8Z8uF6rKg,Key & Peele
UChJFbNK0w3RvuE56sEsaW6A,http://www.youtube.com/channel/UChJFbNK0w3RvuE56sEsaW6A,thest1ckyband1t
UChK-5-2p6zd7q6Zc2sK1uUA,http://www.youtube.com/channel/UChK-5-2p6zd7q6Zc2sK1uUA,stiltonchees
UChQl2YkLt3dj-KDyGUBzcHw,http://www.youtube.com/channel/UChQl2YkLt3dj-KDyGUBzcHw,Chris Pirillo
UChR_MNN2-dJbe2VRuslXgjg,http://www.youtube.com/channel/UChR_MNN2-dJbe2VRuslXgjg,Wandering Bud
UChW8Ayctddx1JV56yrrtt4Q,http://www.youtube.com/channel/UChW8Ayctddx1JV56yrrtt4Q,Primitive Life
UChWv6Pn_zP0rI6lgGt3MyfA,http://www.youtube.com/channel/UChWv6Pn_zP0rI6lgGt3MyfA,AvE
UChX4MImAvHagmsJWtqpl4IA,http://www.youtube.com/channel/UChX4MImAvHagmsJWtqpl4IA,Abhishek Singh
UChXKjLEzAB1K7EZQey7Fm1Q,http://www.youtube.com/channel/UChXKjLEzAB1K7EZQey7Fm1Q,Pokimane
UChi5MyXJLQuPni3dM19Ar3g,http://www.youtube.com/channel/UChi5MyXJLQuPni3dM19Ar3g,Hypnotizd
UChnz1eAo9SfuDfqFZt1KFtA,http://www.youtube.com/channel/UChnz1eAo9SfuDfqFZt1KFtA,AdamzoneTopMarks
UChq8bsY9skwyRSzO-DcLjCQ,http://www.youtube.com/channel/UChq8bsY9skwyRSzO-DcLjCQ,TerraMantis
UChtY6O8Ahw2cz05PS2GhUbg,http://www.youtube.com/channel/UChtY6O8Ahw2cz05PS2GhUbg,Make:
UChturLXwYxwTOf_5krs0qvA,http://www.youtube.com/channel/UChturLXwYxwTOf_5krs0qvA,element14 presents
UCi-5OZ2tYuwMLIcEyOsbdRA,http://www.youtube.com/channel/UCi-5OZ2tYuwMLIcEyOsbdRA,Annoying Orange
UCi1styP4uINRvGzqxzhro7g,http://www.youtube.com/channel/UCi1styP4uINRvGzqxzhro7g,SNO Multimedia
UCi7GJNg51C3jgmYTUwqoUXA,http://www.youtube.com/channel/UCi7GJNg51C3jgmYTUwqoUXA,Team Coco
UCi9E1Hne0eutZHTEVnMTZ0Q,http://www.youtube.com/channel/UCi9E1Hne0eutZHTEVnMTZ0Q,Expedition Evans
UCiDJtJKMICpb9B1qf7qjEOA,http://www.youtube.com/channel/UCiDJtJKMICpb9B1qf7qjEOA,Adam Savage’s Tested
UCiEk4xHBbz0hZNIBBpowdYQ,http://www.youtube.com/channel/UCiEk4xHBbz0hZNIBBpowdYQ,jimmydiresta
UCiHCl2y6VYXgDdN8lacFQ-A,http://www.youtube.com/channel/UCiHCl2y6VYXgDdN8lacFQ-A,dimsimlim
UCiMhD4jzUqG-IgPzUmmytRQ,http://www.youtube.com/channel/UCiMhD4jzUqG-IgPzUmmytRQ,Queen Official
UCiNeUoUWfBLC8mJuMzI6hvw,http://www.youtube.com/channel/UCiNeUoUWfBLC8mJuMzI6hvw,Brian Hull
UCiPTLGmm2MdPZARPd4Fau1Q,http://www.youtube.com/channel/UCiPTLGmm2MdPZARPd4Fau1Q,TARDISArchives
UCiTnfugk85-N3Z3wstB72og,http://www.youtube.com/channel/UCiTnfugk85-N3Z3wstB72og,PhotoshopSurgeon
UCiUAFHtzv_2xJHEjWIk1fOw,http://www.youtube.com/channel/UCiUAFHtzv_2xJHEjWIk1fOw,Voultar
UCiVQLmPxXRqpu6dQ2IWw0lQ,http://www.youtube.com/channel/UCiVQLmPxXRqpu6dQ2IWw0lQ,Jack Mancuso
UCiVRVcAmbw9vC78KeuomTPw,http://www.youtube.com/channel/UCiVRVcAmbw9vC78KeuomTPw,Jack Schneider
UCiW7-IEQCTqS9l7223whHZA,http://www.youtube.com/channel/UCiW7-IEQCTqS9l7223whHZA,Matt Lowne
UCiZKQvmrtQzecByWmMg7fnw,http://www.youtube.com/channel/UCiZKQvmrtQzecByWmMg7fnw,Master Builder Alec 
UCiciOsypkXcqSFqSPd-NRVA,http://www.youtube.com/channel/UCiciOsypkXcqSFqSPd-NRVA,Kallmekris
UCiczXOhGpvoQGhOL16EZiTg,http://www.youtube.com/channel/UCiczXOhGpvoQGhOL16EZiTg,CNC Kitchen
UCid9DssdW6-yxUNl3_aba6A,http://www.youtube.com/channel/UCid9DssdW6-yxUNl3_aba6A,Tama Hero
UCie3bR_WnRg4f5y107accnQ,http://www.youtube.com/channel/UCie3bR_WnRg4f5y107accnQ,Dubious Engineering
UCikebqFWoT3QC9axUbXCPYw,http://www.youtube.com/channel/UCikebqFWoT3QC9axUbXCPYw,ASMR Darling
UCion7iPkzkUDSJIOJlGsELA,http://www.youtube.com/channel/UCion7iPkzkUDSJIOJlGsELA,frnchie
UCir4goG7LBQCh5rc3frkHuA,http://www.youtube.com/channel/UCir4goG7LBQCh5rc3frkHuA,Harry Partridge
UCiudNxQOPXbwKYZw9AjuOLQ,http://www.youtube.com/channel/UCiudNxQOPXbwKYZw9AjuOLQ,THEBLUEBOX95
UCivA7_KLKWo43tFcCkFvydw,http://www.youtube.com/channel/UCivA7_KLKWo43tFcCkFvydw,Applied Science
UCiwxS4lMXcQXv5LKbYdbjag,http://www.youtube.com/channel/UCiwxS4lMXcQXv5LKbYdbjag,Twiistz
UCj1VqrHhDte54oLgPG4xpuQ,http://www.youtube.com/channel/UCj1VqrHhDte54oLgPG4xpuQ,Stuff Made Here
UCj2Eeg01Mn5WmcXxt695fUg,http://www.youtube.com/channel/UCj2Eeg01Mn5WmcXxt695fUg,Brady Brandwood
UCj6g9HNS_uisb8aSo5iUeow,http://www.youtube.com/channel/UCj6g9HNS_uisb8aSo5iUeow,Aquatic Apes
UCjA8vRlL1c7BDixQRJ39-LQ,http://www.youtube.com/channel/UCjA8vRlL1c7BDixQRJ39-LQ,John Heisz - I Build It
UCjMWn75PwKgutJQ0J3mrLbA,http://www.youtube.com/channel/UCjMWn75PwKgutJQ0J3mrLbA,TayZonday
UCjNxszyFPasDdRoD9J6X-sw,http://www.youtube.com/channel/UCjNxszyFPasDdRoD9J6X-sw,Amazing Atheist
UCjOl2AUblVmg2rA_cRgZkFg,http://www.youtube.com/channel/UCjOl2AUblVmg2rA_cRgZkFg,Top Gear
UCjPJlKUnOeaqll8lerO1tGQ,http://www.youtube.com/channel/UCjPJlKUnOeaqll8lerO1tGQ,ZIP TIES N BIAS PLIES
UCjTCFFq605uuq4YN4VmhkBA,http://www.youtube.com/channel/UCjTCFFq605uuq4YN4VmhkBA,NCIX Tech Tips
UCjWBEvwq3iNLXEdrGTR5S9A,http://www.youtube.com/channel/UCjWBEvwq3iNLXEdrGTR5S9A,Lucas VRTech
UCj_dHQWv08dQ0fv6IrzTChQ,http://www.youtube.com/channel/UCj_dHQWv08dQ0fv6IrzTChQ,Lomadiah
UCja4bNI0d86BN1yYYOVWjDA,http://www.youtube.com/channel/UCja4bNI0d86BN1yYYOVWjDA,VR Lolathon
UCjvGPQTRr2eIEhthL5y31VQ,http://www.youtube.com/channel/UCjvGPQTRr2eIEhthL5y31VQ,Cooking With Lynja
UCjwmbv6NE4mOh8Z8VhPUx1Q,http://www.youtube.com/channel/UCjwmbv6NE4mOh8Z8VhPUx1Q,Rosanna Pansino
UCk1Fo1TfTOFWRhffJGvDSUg,http://www.youtube.com/channel/UCk1Fo1TfTOFWRhffJGvDSUg,Proton Jon
UCkDbLiXbx6CIRZuyW9sZK1g,http://www.youtube.com/channel/UCkDbLiXbx6CIRZuyW9sZK1g,Taras Kul
UCkMorfe__XP3MkmceuM4Yag,http://www.youtube.com/channel/UCkMorfe__XP3MkmceuM4Yag,MCGamerLegends
UCkYqSTqRQtgd-DTsiNw5zMg,http://www.youtube.com/channel/UCkYqSTqRQtgd-DTsiNw5zMg,Jon Watson
UCkcdIHabg9Sq0sD6ITyVQcg,http://www.youtube.com/channel/UCkcdIHabg9Sq0sD6ITyVQcg,HybridPanda
UCkhZ3X6pVbrEs_VzIPfwWgQ,http://www.youtube.com/channel/UCkhZ3X6pVbrEs_VzIPfwWgQ,Make it Extreme
UCkitABalXafr-NqceQdDXtg,http://www.youtube.com/channel/UCkitABalXafr-NqceQdDXtg,TVFilthyFrank
UCkrs_sMZE6IUM-AKm2_TDHg,http://www.youtube.com/channel/UCkrs_sMZE6IUM-AKm2_TDHg,Dirty Laundry Shorts
UCkzRDjtq4ngMADh45j2KsJQ,http://www.youtube.com/channel/UCkzRDjtq4ngMADh45j2KsJQ,Machinima Prime
UCl2mFZoRqjw_ELax4Yisf6w,http://www.youtube.com/channel/UCl2mFZoRqjw_ELax4Yisf6w,Louis Rossmann
UCl4RpXZdQUhikTxBghAy1jQ,http://www.youtube.com/channel/UCl4RpXZdQUhikTxBghAy1jQ,Sweet Anita
UCl92ERnplfo4lRVrBfYILig,http://www.youtube.com/channel/UCl92ERnplfo4lRVrBfYILig,Hard Science
UCl9OJE9OpXui-gRsnWjSrlA,http://www.youtube.com/channel/UCl9OJE9OpXui-gRsnWjSrlA,Photonicinduction
UClAa0YLrW4MaIKOWaeZR9Xg,http://www.youtube.com/channel/UClAa0YLrW4MaIKOWaeZR9Xg,mmmjoemele
UClFSU9_bUb4Rc6OYfTt5SPw,http://www.youtube.com/channel/UClFSU9_bUb4Rc6OYfTt5SPw,Philip DeFranco
UClMqSZGpDSYUyFVcRNbAXtA,http://www.youtube.com/channel/UClMqSZGpDSYUyFVcRNbAXtA,Twisted - HoneyBunnyGames
UClUui5wjiOiWKqJFJhBXEoQ,http://www.youtube.com/channel/UClUui5wjiOiWKqJFJhBXEoQ,LeGrand Shorts
UClUvgur5d3wfrmHySSMuSww,http://www.youtube.com/channel/UClUvgur5d3wfrmHySSMuSww,Miss Moonica
UClVTgyVuolx_f8mC-H0s2pw,http://www.youtube.com/channel/UClVTgyVuolx_f8mC-H0s2pw,Team Avolition
UClY084mbGLK_SLlOfgizjow,http://www.youtube.com/channel/UClY084mbGLK_SLlOfgizjow,SalC1
UClZbO3wehSIsPUKLx_X5caw,http://www.youtube.com/channel/UClZbO3wehSIsPUKLx_X5caw,CarlSagan42
UClhInAMlPM1UcjD8lI4o7UA,http://www.youtube.com/channel/UClhInAMlPM1UcjD8lI4o7UA,Modern Self Reliance
UCljCD9VDAO7TWUCyb69SL-Q,http://www.youtube.com/channel/UCljCD9VDAO7TWUCyb69SL-Q,Dane Boe
UClmdJ2bwqHjZONP9rIK7geA,http://www.youtube.com/channel/UClmdJ2bwqHjZONP9rIK7geA,ChosenArchitect
UClqCcLlJ2TSLH97N-Yz8k5g,http://www.youtube.com/channel/UClqCcLlJ2TSLH97N-Yz8k5g,Mosevic
UClqOm7dXSLwBP3iKvE8VtCg,http://www.youtube.com/channel/UClqOm7dXSLwBP3iKvE8VtCg,Tod
UClsFdM0HzTdF1JYoraQ0aUw,http://www.youtube.com/channel/UClsFdM0HzTdF1JYoraQ0aUw,Brick Experiment Channel
UCltLGEyRxWAoMLGzB9wYlQw,http://www.youtube.com/channel/UCltLGEyRxWAoMLGzB9wYlQw,Machinima Respawn
UCly-ZW4hcXU5MPLGpuQBFdA,http://www.youtube.com/channel/UCly-ZW4hcXU5MPLGpuQBFdA,Brick Machines
UCm22FAXZMw1BaWeFszZxUKw,http://www.youtube.com/channel/UCm22FAXZMw1BaWeFszZxUKw,Kitboga
UCm9AvxU_zDbAiF4a-4FuGYw,http://www.youtube.com/channel/UCm9AvxU_zDbAiF4a-4FuGYw,Original Gamer
UCm9K6rby98W8JigLoZOh6FQ,http://www.youtube.com/channel/UCm9K6rby98W8JigLoZOh6FQ,LockPickingLawyer
UCmEO8Dcky7tUZaK2Gcw8sFg,http://www.youtube.com/channel/UCmEO8Dcky7tUZaK2Gcw8sFg,Sara Mills
UCmN-phi2fLNt3QSJ0hVQsbw,http://www.youtube.com/channel/UCmN-phi2fLNt3QSJ0hVQsbw,NormalDifficulty
UCmR-oFhgGGe-dCRiDg2ysLw,http://www.youtube.com/channel/UCmR-oFhgGGe-dCRiDg2ysLw,waveya 2011
UCmUNy7Ry5VAZH-8qojtYaTg,http://www.youtube.com/channel/UCmUNy7Ry5VAZH-8qojtYaTg,OMGFactsOfficial
UCmWRcMQyU-mGL1VRo2J3FuQ,http://www.youtube.com/channel/UCmWRcMQyU-mGL1VRo2J3FuQ,Green Ham Gaming
UCmdHQzA42_FrrnmpCvc9fZg,http://www.youtube.com/channel/UCmdHQzA42_FrrnmpCvc9fZg,EduardoFresco
UCmeds0MLhjfkjD_5acPnFlQ,http://www.youtube.com/channel/UCmeds0MLhjfkjD_5acPnFlQ,Giant Bomb
UCmjoj7qraYK-mk5PhLCNjwQ,http://www.youtube.com/channel/UCmjoj7qraYK-mk5PhLCNjwQ,Erin Daher
UCmv1CLT6ZcFdTJMHxaR9XeA,http://www.youtube.com/channel/UCmv1CLT6ZcFdTJMHxaR9XeA,Pentatonix
UCmxCoyvGU3IndS7bm9oH3Vg,http://www.youtube.com/channel/UCmxCoyvGU3IndS7bm9oH3Vg,carsandwater
UCn3I_ZFYxxYipR07XsHAK0w,http://www.youtube.com/channel/UCn3I_ZFYxxYipR07XsHAK0w,Andrew.
UCnB5HTIi44wDBD56KeT2hNA,http://www.youtube.com/channel/UCnB5HTIi44wDBD56KeT2hNA,Guga
UCnGIEhVrbCAsMUG3cj-qZ0Q,http://www.youtube.com/channel/UCnGIEhVrbCAsMUG3cj-qZ0Q,HabitDesigns
UCnKOTwXjtCnXSEqLiThhhng,http://www.youtube.com/channel/UCnKOTwXjtCnXSEqLiThhhng,Ownage Pranks Extras
UCnMd78WOoCGShvPR1QlTXfw,http://www.youtube.com/channel/UCnMd78WOoCGShvPR1QlTXfw,Blackbird
UCnTB8uNxND40iwvPiyzpnWw,http://www.youtube.com/channel/UCnTB8uNxND40iwvPiyzpnWw,heiakim
UCnZrjucYjaXKUx8rD3qOBlw,http://www.youtube.com/channel/UCnZrjucYjaXKUx8rD3qOBlw,The Roundtable
UCnZx--LpG2spgmlxOcC-DRA,http://www.youtube.com/channel/UCnZx--LpG2spgmlxOcC-DRA,Daniel Thrasher
UCnmgSO_4g6QcRzy0yFeglyA,http://www.youtube.com/channel/UCnmgSO_4g6QcRzy0yFeglyA,Grand Illusions
UCo4S-ThBT3KDDHAMvKw2SQg,http://www.youtube.com/channel/UCo4S-ThBT3KDDHAMvKw2SQg,The Hoof GP
UCo6DJdltbIub80bLiyJRv3w,http://www.youtube.com/channel/UCo6DJdltbIub80bLiyJRv3w,MrGear
UCoJXxAz4bKmUIErPuB0FtwA,http://www.youtube.com/channel/UCoJXxAz4bKmUIErPuB0FtwA,Kysa Gaming
UCoUM-UJ7rirJYP8CQ0EIaHA,http://www.youtube.com/channel/UCoUM-UJ7rirJYP8CQ0EIaHA,Bruno Mars
UCo_IB5145EVNcf8hw1Kku7w,http://www.youtube.com/channel/UCo_IB5145EVNcf8hw1Kku7w,The Game Theorists
UCofPGuLNJgPelJDsrAqlEZw,http://www.youtube.com/channel/UCofPGuLNJgPelJDsrAqlEZw,Theonomics Builds
UCotlYu9WUcKZCUcEcNYWu_Q,http://www.youtube.com/channel/UCotlYu9WUcKZCUcEcNYWu_Q,Slow Mo Lab
UCp1orOGJwZvjLAvckyxC4Nw,http://www.youtube.com/channel/UCp1orOGJwZvjLAvckyxC4Nw,BosnianBill
UCp68_FLety0O-n9QU6phsgw,http://www.youtube.com/channel/UCp68_FLety0O-n9QU6phsgw,colinfurze
UCpFuaxD-0PKLolFR3gWhrMw,http://www.youtube.com/channel/UCpFuaxD-0PKLolFR3gWhrMw,Sous Vide Everything
UCpKAsiQbkqcM7d6VM3eVjjg,http://www.youtube.com/channel/UCpKAsiQbkqcM7d6VM3eVjjg,Lauren Elizabeth
UCpQUBJrRfcpWLro4Oziff7Q,http://www.youtube.com/channel/UCpQUBJrRfcpWLro4Oziff7Q,Fonzi M - Melodies on Piano
UCpV7D0LoRbYhdx2G-whWyog,http://www.youtube.com/channel/UCpV7D0LoRbYhdx2G-whWyog,TAOW
UCpVm7bg6pXKo1Pr6k5kxG9A,http://www.youtube.com/channel/UCpVm7bg6pXKo1Pr6k5kxG9A,National Geographic
UCpXBGqwsBkpvcYjsJBQ7LEQ,http://www.youtube.com/channel/UCpXBGqwsBkpvcYjsJBQ7LEQ,Critical Role
UCpko_-a4wgz2u_DgDgd9fqA,http://www.youtube.com/channel/UCpko_-a4wgz2u_DgDgd9fqA,BuzzFeedVideo
UCpu8dLHavjMi1a5jgT9ycMA,http://www.youtube.com/channel/UCpu8dLHavjMi1a5jgT9ycMA,Sjin
UCq2rNse2XX4Rjzmldv9GqrQ,http://www.youtube.com/channel/UCq2rNse2XX4Rjzmldv9GqrQ,rctestflight
UCq54nlcoX-0pLcN5RhxHyug,http://www.youtube.com/channel/UCq54nlcoX-0pLcN5RhxHyug,SeaNanners Gaming Channel
UCq6VFHwMzcMXbuKyG7SQYIg,http://www.youtube.com/channel/UCq6VFHwMzcMXbuKyG7SQYIg,penguinz0
UCq6aw03lNILzV96UvEAASfQ,http://www.youtube.com/channel/UCq6aw03lNILzV96UvEAASfQ,bill wurtz
UCqChlb8y4cQ0jAFaNFPQLqA,http://www.youtube.com/channel/UCqChlb8y4cQ0jAFaNFPQLqA,SingularityComputers
UCqECaJ8Gagnn7YCbPEzWH6g,http://www.youtube.com/channel/UCqECaJ8Gagnn7YCbPEzWH6g,Taylor Swift
UCqFzWxSCi39LnW1JKFR3efg,http://www.youtube.com/channel/UCqFzWxSCi39LnW1JKFR3efg,Saturday Night Live
UCqIqRzEge-Qvt4Iglx-uKdQ,http://www.youtube.com/channel/UCqIqRzEge-Qvt4Iglx-uKdQ,Jen Smith
UCqOoboPm3uhY_YXhvhmL-WA,http://www.youtube.com/channel/UCqOoboPm3uhY_YXhvhmL-WA,Discovery
UCqVDpXKLmKeBU_yyt_QkItQ,http://www.youtube.com/channel/UCqVDpXKLmKeBU_yyt_QkItQ,YouTube Originals
UCqg2eLFNUu3QN3dttNeOWkw,http://www.youtube.com/channel/UCqg2eLFNUu3QN3dttNeOWkw,iHasCupquake
UCqsS8fU6yVxrJr5y_CoUn3w,http://www.youtube.com/channel/UCqsS8fU6yVxrJr5y_CoUn3w,HaerteTest
UCqvU9Uxf_8YJOq67S6qcrFw,http://www.youtube.com/channel/UCqvU9Uxf_8YJOq67S6qcrFw,Aavak
UCqzebzc9N19X3MVFnuFYtRw,http://www.youtube.com/channel/UCqzebzc9N19X3MVFnuFYtRw,Chocolate Cacao チョコレートカカオ
UCr3cBLTYmIK9kY0F_OdFWFQ,http://www.youtube.com/channel/UCr3cBLTYmIK9kY0F_OdFWFQ,Casually Explained
UCr47E3UYaFoKU7Mroevt4aQ,http://www.youtube.com/channel/UCr47E3UYaFoKU7Mroevt4aQ,EmeliaHartford
UCr5k8_8uNjh8qPa8tCpd-pg,http://www.youtube.com/channel/UCr5k8_8uNjh8qPa8tCpd-pg,Wutizgo
UCrDAt04Uan9eAiu0E9RtT4A,http://www.youtube.com/channel/UCrDAt04Uan9eAiu0E9RtT4A,Calvin & Habs
UCrI3dm4qgAEV67Jc6797WIA,http://www.youtube.com/channel/UCrI3dm4qgAEV67Jc6797WIA,Random Hands
UCrQieQckb9Fw9-SD7BdkpjQ,http://www.youtube.com/channel/UCrQieQckb9Fw9-SD7BdkpjQ,HAWPOfficial
UCrSsiORqubu9txgA_KJ9u9A,http://www.youtube.com/channel/UCrSsiORqubu9txgA_KJ9u9A,The Crude Brothers
UCrUL8K81R4VBzm-KOYwrcxQ,http://www.youtube.com/channel/UCrUL8K81R4VBzm-KOYwrcxQ,Engineer Man
UCroJ5uxmGr-WOtXUPyqeh6g,http://www.youtube.com/channel/UCroJ5uxmGr-WOtXUPyqeh6g,Random Encounters
UCrsdM_e_zMqRGAzfllLHTSg,http://www.youtube.com/channel/UCrsdM_e_zMqRGAzfllLHTSg,Mathilda Hogberg
UCrtZO4nmCBN4C9ySmi013oA,http://www.youtube.com/channel/UCrtZO4nmCBN4C9ySmi013oA,makemebad35
UCru5uu1ZBHXJZ0svfvJ4i-g,http://www.youtube.com/channel/UCru5uu1ZBHXJZ0svfvJ4i-g,Cursed Pilots Studios
UCs-KtaAonMPJwn2zgR37Bmw,http://www.youtube.com/channel/UCs-KtaAonMPJwn2zgR37Bmw,Earthcomputer
UCs4br3aZLU0sOEM-3n0-6xQ,http://www.youtube.com/channel/UCs4br3aZLU0sOEM-3n0-6xQ,Duncan
UCs8DNFOxYen3kuj87aWKG9g,http://www.youtube.com/channel/UCs8DNFOxYen3kuj87aWKG9g,Primitive Skills
UCsC--WvN66vZlDoYShzn4sA,http://www.youtube.com/channel/UCsC--WvN66vZlDoYShzn4sA,Oxhorn
UCsCacApDfxESyNJwEIXNajQ,http://www.youtube.com/channel/UCsCacApDfxESyNJwEIXNajQ,mklachu
UCsHaCORAuXxrMDzC0hr8GPw,http://www.youtube.com/channel/UCsHaCORAuXxrMDzC0hr8GPw,MxR Plays
UCsLTG-svFzsK22zFac0pwUA,http://www.youtube.com/channel/UCsLTG-svFzsK22zFac0pwUA,YOGSCAST Nilesy
UCsTcErHg8oDvUnTzoqsYeNw,http://www.youtube.com/channel/UCsTcErHg8oDvUnTzoqsYeNw,Unbox Therapy
UCsW9BW8Tymkw4uXNzO9fE6g,http://www.youtube.com/channel/UCsW9BW8Tymkw4uXNzO9fE6g,DezThePez
UCsXDivUNanYBWgXv9lRZjBw,http://www.youtube.com/channel/UCsXDivUNanYBWgXv9lRZjBw,Primitive Technology Idea
UCsYcVlne3cKmQZfMyQIZaQg,http://www.youtube.com/channel/UCsYcVlne3cKmQZfMyQIZaQg,Area 11
UCs_6gVNVQOgq6MGDdt3h8HQ,http://www.youtube.com/channel/UCs_6gVNVQOgq6MGDdt3h8HQ,Cloth Map
UCs_Z7b5JBH1jk4wKOiQHKUg,http://www.youtube.com/channel/UCs_Z7b5JBH1jk4wKOiQHKUg,Jia Jiang
UCsbm434ke834dulzoV8Zl-Q,http://www.youtube.com/channel/UCsbm434ke834dulzoV8Zl-Q,Skiddlez
UCshoKvlZGZ20rVgazZp5vnQ,http://www.youtube.com/channel/UCshoKvlZGZ20rVgazZp5vnQ,CaptainSparklez
UCsn6cjffsvyOZCZxvGoJxGg,http://www.youtube.com/channel/UCsn6cjffsvyOZCZxvGoJxGg,Corridor
UCsoMNUy0dPoFRAPcOjvdLTQ,http://www.youtube.com/channel/UCsoMNUy0dPoFRAPcOjvdLTQ,Anthony Padilla HIGHLIGHTS
UCsqjHFMB_JYTaEnf_vmTNqg,http://www.youtube.com/channel/UCsqjHFMB_JYTaEnf_vmTNqg,Doug DeMuro
UCsr6Q8SI7Pvck0PIWN6-WVA,http://www.youtube.com/channel/UCsr6Q8SI7Pvck0PIWN6-WVA,Life OD
UCsrgL-QuUioeuAKpbhy69XQ,http://www.youtube.com/channel/UCsrgL-QuUioeuAKpbhy69XQ,BebopVox YOGSCAST
UCsvn_Po0SmunchJYOWpOxMg,http://www.youtube.com/channel/UCsvn_Po0SmunchJYOWpOxMg,videogamedunkey
UCt-6fkD-MQpTU7bJCmBC6Jg,http://www.youtube.com/channel/UCt-6fkD-MQpTU7bJCmBC6Jg,Find My Vapes
UCt1fxPc6KaOeMxdhtUcEEEA,http://www.youtube.com/channel/UCt1fxPc6KaOeMxdhtUcEEEA,Hell's Kitchen
UCt80koRTG61DmNCp4oybLSg,http://www.youtube.com/channel/UCt80koRTG61DmNCp4oybLSg,Senpai Kai
UCtHaxi4GTYDpJgMSGy7AeSw,http://www.youtube.com/channel/UCtHaxi4GTYDpJgMSGy7AeSw,Michael Reeves
UCtM5z2gkrGRuWd0JQMx76qA,http://www.youtube.com/channel/UCtM5z2gkrGRuWd0JQMx76qA,bigclivedotcom
UCtNdVINwfYFTQEEZgMiQ8FA,http://www.youtube.com/channel/UCtNdVINwfYFTQEEZgMiQ8FA,Bailey Sarian
UCtRa82x1BwQdnpHf0Es4gcQ,http://www.youtube.com/channel/UCtRa82x1BwQdnpHf0Es4gcQ,Brooklyn Nine-Nine
UCtbUrMDlQY0QQRSqHL5JbRQ,http://www.youtube.com/channel/UCtbUrMDlQY0QQRSqHL5JbRQ,NERO
UCtccbWvR1RQb976Jo6Mt7Yw,http://www.youtube.com/channel/UCtccbWvR1RQb976Jo6Mt7Yw,robcantor
UCtd90DFLd9fXzLO6HxYK_zw,http://www.youtube.com/channel/UCtd90DFLd9fXzLO6HxYK_zw,Marwan Ayman
UCtinbF-Q-fVthA0qrFQTgXQ,http://www.youtube.com/channel/UCtinbF-Q-fVthA0qrFQTgXQ,CaseyNeistat
UCtn2hU9HKYQAgDtwrhux7Sw,http://www.youtube.com/channel/UCtn2hU9HKYQAgDtwrhux7Sw,Samcrac
UCto7D1L-MiRoOziCXK9uT5Q,http://www.youtube.com/channel/UCto7D1L-MiRoOziCXK9uT5Q,Let's Game It Out
UCtoaZpBnrd0lhycxYJ4MNOQ,http://www.youtube.com/channel/UCtoaZpBnrd0lhycxYJ4MNOQ,HasanAbi
UCu6mSoMNzHQiBIOCkHUa2Aw,http://www.youtube.com/channel/UCu6mSoMNzHQiBIOCkHUa2Aw,Cody'sLab
UCu9g5OmzcCpcJnmSYyHnIVw,http://www.youtube.com/channel/UCu9g5OmzcCpcJnmSYyHnIVw,Aden Films
UCuI6W3XI7MA9XczBTbNG-4Q,http://www.youtube.com/channel/UCuI6W3XI7MA9XczBTbNG-4Q,Tom Cruise
UCuMJPFqazQI4SofSFEd-5zA,http://www.youtube.com/channel/UCuMJPFqazQI4SofSFEd-5zA,impulseSV
UCuMoaBp0ozi9c-67AFWtg-Q,http://www.youtube.com/channel/UCuMoaBp0ozi9c-67AFWtg-Q,Samantha Lux
UCuTxqoFh2N_bXZRN6b6ocqQ,http://www.youtube.com/channel/UCuTxqoFh2N_bXZRN6b6ocqQ,Richard Hammer
UCuVxaQDraOja6xKidcmoufA,http://www.youtube.com/channel/UCuVxaQDraOja6xKidcmoufA,Polygon
UCuYRxRuTAtmeE2AiR5WWWHQ,http://www.youtube.com/channel/UCuYRxRuTAtmeE2AiR5WWWHQ,The Hillywood Show
UCudlnfkmb1LgK4tSgctPNOQ,http://www.youtube.com/channel/UCudlnfkmb1LgK4tSgctPNOQ,DangerouslyFunny
UCueevEJA5LcN79C5vpb7awQ,http://www.youtube.com/channel/UCueevEJA5LcN79C5vpb7awQ,Parv Tech
UCujyjxsq5FZNVnQro51zKSQ,http://www.youtube.com/channel/UCujyjxsq5FZNVnQro51zKSQ,fuslie
UCuppnYXlAo7r7IhVigrVAfQ,http://www.youtube.com/channel/UCuppnYXlAo7r7IhVigrVAfQ,Camelworks
UCuriCa9loP_OsH75_5j8M5w,http://www.youtube.com/channel/UCuriCa9loP_OsH75_5j8M5w,JablinskiGames
UCuxpxCCevIlF-k-K5YU8XPA,http://www.youtube.com/channel/UCuxpxCCevIlF-k-K5YU8XPA,Scotty Kilmer
UCvC4D8onUfXzvjTOM-dBfEA,http://www.youtube.com/channel/UCvC4D8onUfXzvjTOM-dBfEA,Marvel Entertainment
UCvFroKGvBjvALxCTFzZXL5w,http://www.youtube.com/channel/UCvFroKGvBjvALxCTFzZXL5w,Footless Jo
UCvG04Y09q0HExnIjdgaqcDQ,http://www.youtube.com/channel/UCvG04Y09q0HExnIjdgaqcDQ,Because Science
UCvLc83k5o11EIF1lEo0VmuQ,http://www.youtube.com/channel/UCvLc83k5o11EIF1lEo0VmuQ,Sailing SV Delos
UCvWU1K29wCZ8j1NsXsRrKnA,http://www.youtube.com/channel/UCvWU1K29wCZ8j1NsXsRrKnA,LilyPichu
UCveB47lgzZJ1WOf4XYVJNBw,http://www.youtube.com/channel/UCveB47lgzZJ1WOf4XYVJNBw,Beyond the press
UCvq0BbsWrF0OP4q_q2X1M3w,http://www.youtube.com/channel/UCvq0BbsWrF0OP4q_q2X1M3w,TeraBrite
UCvvXM9uvYKXgDy3fdXGeJLw,http://www.youtube.com/channel/UCvvXM9uvYKXgDy3fdXGeJLw,Masayoshi
UCvw6Y1kr_8bp6B5m1dqNyiw,http://www.youtube.com/channel/UCvw6Y1kr_8bp6B5m1dqNyiw,Claire Saffitz x Dessert Person
UCvxu4st8jt0Li69hAh_nqQg,http://www.youtube.com/channel/UCvxu4st8jt0Li69hAh_nqQg,Darude
UCw3UZn1tcVe7pH3R6C3Gcng,http://www.youtube.com/channel/UCw3UZn1tcVe7pH3R6C3Gcng,Abom79
UCw3tvicDuWDugKQt013VGRw,http://www.youtube.com/channel/UCw3tvicDuWDugKQt013VGRw,Elliott Hardy
UCwFp56IA1OXfwThwowGBKtw,http://www.youtube.com/channel/UCwFp56IA1OXfwThwowGBKtw,Chris Kogos
UCw_XUBm5YV6QtUyi9QRjWFg,http://www.youtube.com/channel/UCw_XUBm5YV6QtUyi9QRjWFg,E FooLy
UCwnro7pVC3fDjVavLT_LAjQ,http://www.youtube.com/channel/UCwnro7pVC3fDjVavLT_LAjQ,RRcherrypie
UCwwByLVM8DlwWQjA0zqeLYA,http://www.youtube.com/channel/UCwwByLVM8DlwWQjA0zqeLYA,Dexbonus
UCwyCwL-apAJQjmSp5jKGzaw,http://www.youtube.com/channel/UCwyCwL-apAJQjmSp5jKGzaw,Letterkenny Problems
UCx7Wv_scEBBaZLQ3mzWX8oA,http://www.youtube.com/channel/UCx7Wv_scEBBaZLQ3mzWX8oA,TheHumbleNoob
UCxByVUuLdxxiqQVmbOnDEzw,http://www.youtube.com/channel/UCxByVUuLdxxiqQVmbOnDEzw,Erik Grankvist
UCxJf49T4iTO_jtzWX3rW_jg,http://www.youtube.com/channel/UCxJf49T4iTO_jtzWX3rW_jg,LeafyIsHere
UCxLIJccyaRQDeyu6RzUsPuw,http://www.youtube.com/channel/UCxLIJccyaRQDeyu6RzUsPuw,JackSucksAtStuff
UCxNZMlrLOGO88BnFwNYgEEA,http://www.youtube.com/channel/UCxNZMlrLOGO88BnFwNYgEEA,Bobby Bass
UCxOGHW-aqciBe5Wjq8ltzOg,http://www.youtube.com/channel/UCxOGHW-aqciBe5Wjq8ltzOg,Ownage Pranks
UCxQbYGpbdrh-b2ND-AfIybg,http://www.youtube.com/channel/UCxQbYGpbdrh-b2ND-AfIybg,Maker's Muse
UCxU9dFfIGhnTNVI0EflR1WQ,http://www.youtube.com/channel/UCxU9dFfIGhnTNVI0EflR1WQ,robinswords
UCxYljUelq6VBk4m8dM-7NVA,http://www.youtube.com/channel/UCxYljUelq6VBk4m8dM-7NVA,Brad Owen
UCxanKgYNy_Vxf8mSsxIW3qA,http://www.youtube.com/channel/UCxanKgYNy_Vxf8mSsxIW3qA,SCP Orientation
UCxcnsr1R5Ge_fbTu5ajt8DQ,http://www.youtube.com/channel/UCxcnsr1R5Ge_fbTu5ajt8DQ,Bob Ross
UCxgYB2y95PjvIEwvNybjguQ,http://www.youtube.com/channel/UCxgYB2y95PjvIEwvNybjguQ,Loot Crate
UCxiZVLZWKQNRyMAYe5xEAWg,http://www.youtube.com/channel/UCxiZVLZWKQNRyMAYe5xEAWg,Kaeyi Dream
UCxqQhXGlliS1UsMTeB4GLOA,http://www.youtube.com/channel/UCxqQhXGlliS1UsMTeB4GLOA,SpaceX
UCxt9Pvye-9x_AIcb1UtmF1Q,http://www.youtube.com/channel/UCxt9Pvye-9x_AIcb1UtmF1Q,ashens
UCxzC4EngIsMrPmbm6Nxvb-A,http://www.youtube.com/channel/UCxzC4EngIsMrPmbm6Nxvb-A,Scott Manley
UCy0tKL1T7wFoYcxCe0xjN6Q,http://www.youtube.com/channel/UCy0tKL1T7wFoYcxCe0xjN6Q,Technology Connections
UCyC_4jvPzLiSkJkLIkA7B8g,http://www.youtube.com/channel/UCyC_4jvPzLiSkJkLIkA7B8g,Lindsey Stirling
UCyN1Fc9WYQ_P1RRu2xUzeYg,http://www.youtube.com/channel/UCyN1Fc9WYQ_P1RRu2xUzeYg,Look Inverted
UCyP1SvkDY0EaCjDAJnNMLBw,http://www.youtube.com/channel/UCyP1SvkDY0EaCjDAJnNMLBw,gardea23
UCyRJT1Crn3uwKJ4VHHr0CBg,http://www.youtube.com/channel/UCyRJT1Crn3uwKJ4VHHr0CBg,Sam Green
UCyVomykHKyWCWo8lSKHHmzA,http://www.youtube.com/channel/UCyVomykHKyWCWo8lSKHHmzA,Billy Joel
UCyZA5Ysa33gA89sCdWJQojQ,http://www.youtube.com/channel/UCyZA5Ysa33gA89sCdWJQojQ,CavemanFilms
UCykq66gjwHrdSuSGt5PABeg,http://www.youtube.com/channel/UCykq66gjwHrdSuSGt5PABeg,xXSlyFoxHoundXx
UCynijyjqY-u6z8_sGKgCErg,http://www.youtube.com/channel/UCynijyjqY-u6z8_sGKgCErg,Beedle The Bardcore
UCyqVguF0O7yaRZW71nuo93Q,http://www.youtube.com/channel/UCyqVguF0O7yaRZW71nuo93Q,Viral Fill
UCz66sJbzTTte0_lX6rzkK5A,http://www.youtube.com/channel/UCz66sJbzTTte0_lX6rzkK5A,random804
UCz949jtUlEXzDkfzDnY7b2Q,http://www.youtube.com/channel/UCz949jtUlEXzDkfzDnY7b2Q,HiyaTanya
UCz981RxgS-A2ID99W8wXzTA,http://www.youtube.com/channel/UCz981RxgS-A2ID99W8wXzTA,Harley Morenstein
UCz9qw5nupdzCGwHwQiqs7qA,http://www.youtube.com/channel/UCz9qw5nupdzCGwHwQiqs7qA,ImKibitz
UCzEy7pi3B7TIS9cn_sdKK9A,http://www.youtube.com/channel/UCzEy7pi3B7TIS9cn_sdKK9A,GrayStillPlays
UCzFGVUm_s5HP8d7u5vid_jw,http://www.youtube.com/channel/UCzFGVUm_s5HP8d7u5vid_jw,Laina
UCzGIEWQ4lDAzD6WzCwnJc3w,http://www.youtube.com/channel/UCzGIEWQ4lDAzD6WzCwnJc3w,Ava Rose
UCzH3iADRIq1IJlIXjfNgTpA,http://www.youtube.com/channel/UCzH3iADRIq1IJlIXjfNgTpA,Rooster Teeth
UCzIiTeduaanyEboRfwJJznA,http://www.youtube.com/channel/UCzIiTeduaanyEboRfwJJznA,boxxybabee
UCzJ3fz15AqCNLlrQYEF5nlg,http://www.youtube.com/channel/UCzJ3fz15AqCNLlrQYEF5nlg,PaperBatVG
UCzNAswnSN0rZy79clU-DRPg,http://www.youtube.com/channel/UCzNAswnSN0rZy79clU-DRPg,kipkay
UCzNYvV7VnH37R7jk9SVG9dA,http://www.youtube.com/channel/UCzNYvV7VnH37R7jk9SVG9dA,Salty Tales
UCzOEJREOXANNXcFf2OP8hZg,http://www.youtube.com/channel/UCzOEJREOXANNXcFf2OP8hZg,Kassem G
UCzORJV8l3FWY4cFO8ot-F2w,http://www.youtube.com/channel/UCzORJV8l3FWY4cFO8ot-F2w,vinesauce
UCzWQYUVCpZqtN93H8RR44Qw,http://www.youtube.com/channel/UCzWQYUVCpZqtN93H8RR44Qw,Seeker
UCzcBlCBdCMiSFKie7w-mRkg,http://www.youtube.com/channel/UCzcBlCBdCMiSFKie7w-mRkg,Collide Film Studio
UCzfyYtgvkx5mLy8nlLlayYg,http://www.youtube.com/channel/UCzfyYtgvkx5mLy8nlLlayYg,Vivziepop
UCzkY7wa8Ksxv4M5NyUYgTmA,http://www.youtube.com/channel/UCzkY7wa8Ksxv4M5NyUYgTmA,Shirley Curry
UCzpCc5n9hqiVC7HhPwcIKEg,http://www.youtube.com/channel/UCzpCc5n9hqiVC7HhPwcIKEg,Good Mythical MORE
UCzqbfYjQmf9nLQPMxVgPhiA,http://www.youtube.com/channel/UCzqbfYjQmf9nLQPMxVgPhiA,emmymade





